date,plate,resource,temp,well_number,sample,read
3/6/2023,1,0.1,15,1,1,5128
3/6/2023,1,0.1,15,2,1,4334
3/6/2023,1,0.1,15,3,1,3521
3/6/2023,1,0.1,15,4,0,2716
3/6/2023,1,0.1,15,5,6,5000
3/6/2023,1,0.1,15,6,6,4032
3/6/2023,1,0.1,15,7,6,3193
3/6/2023,1,0.1,15,8,0,2645
3/6/2023,1,0.1,15,9,11,3906
3/6/2023,1,0.1,15,10,11,4744
3/6/2023,1,0.1,15,11,11,5091
3/6/2023,1,0.1,15,12,0,2671
3/6/2023,1,0.1,15,13,2,4637
3/6/2023,1,0.1,15,14,2,3253
3/6/2023,1,0.1,15,15,2,7364
3/6/2023,1,0.1,15,16,0,2661
3/6/2023,1,0.1,15,17,7,4291
3/6/2023,1,0.1,15,18,7,3935
3/6/2023,1,0.1,15,19,7,3975
3/6/2023,1,0.1,15,20,0,2524
3/6/2023,1,0.1,15,21,12,9418
3/6/2023,1,0.1,15,22,12,9081
3/6/2023,1,0.1,15,23,12,9256
3/6/2023,1,0.1,15,24,0,2699
3/6/2023,1,0.1,15,25,3,5062
3/6/2023,1,0.1,15,26,3,4074
3/6/2023,1,0.1,15,27,3,4217
3/6/2023,1,0.1,15,28,0,2759
3/6/2023,1,0.1,15,29,8,4471
3/6/2023,1,0.1,15,30,8,5969
3/6/2023,1,0.1,15,31,8,4054
3/6/2023,1,0.1,15,32,0,2561
3/6/2023,1,0.1,15,33,13,3762
3/6/2023,1,0.1,15,34,13,3760
3/6/2023,1,0.1,15,35,13,3949
3/6/2023,1,0.1,15,36,0,2734
3/6/2023,1,0.1,15,37,4,2521
3/6/2023,1,0.1,15,38,4,6848
3/6/2023,1,0.1,15,39,4,4134
3/6/2023,1,0.1,15,40,0,2600
3/6/2023,1,0.1,15,41,9,4261
3/6/2023,1,0.1,15,42,9,4640
3/6/2023,1,0.1,15,43,9,6484
3/6/2023,1,0.1,15,44,0,2780
3/6/2023,1,0.1,15,45,14,3654
3/6/2023,1,0.1,15,46,14,3600
3/6/2023,1,0.1,15,47,14,3865
3/6/2023,1,0.1,15,48,0,2621
3/6/2023,1,0.1,15,49,5,4414
3/6/2023,1,0.1,15,50,5,3859
3/6/2023,1,0.1,15,51,5,4683
3/6/2023,1,0.1,15,52,0,2567
3/6/2023,1,0.1,15,53,10,7515
3/6/2023,1,0.1,15,54,10,4636
3/6/2023,1,0.1,15,55,10,4247
3/6/2023,1,0.1,15,56,0,2648
3/6/2023,1,0.1,15,57,15,3762
3/6/2023,1,0.1,15,58,15,4060
3/6/2023,1,0.1,15,59,15,3863
3/6/2023,1,0.1,15,60,0,2660
3/6/2023,1,0.1,15,61,C1,3515
3/6/2023,1,0.1,15,62,C1,3242
3/6/2023,1,0.1,15,63,C1,3384
3/6/2023,1,0.1,15,64,0,2637
3/6/2023,1,0.1,15,65,C2,3126
3/6/2023,1,0.1,15,66,C2,3307
3/6/2023,1,0.1,15,67,C2,3141
3/6/2023,1,0.1,15,68,0,2683
3/6/2023,1,0.1,15,69,C3,3289
3/6/2023,1,0.1,15,70,C3,3486
3/6/2023,1,0.1,15,71,C3,3462
3/6/2023,1,0.1,15,72,0,2839
3/6/2023,1,0.1,15,73,C4,3486
3/6/2023,1,0.1,15,74,C4,3701
3/6/2023,1,0.1,15,75,C4,5405
3/6/2023,1,0.1,15,76,0,2606
3/6/2023,1,0.1,15,77,C5,5204
3/6/2023,1,0.1,15,78,C5,5291
3/6/2023,1,0.1,15,79,C5,4951
3/6/2023,1,0.1,15,80,0,2799
3/6/2023,1,0.1,15,81,C6,4526
3/6/2023,1,0.1,15,82,C6,3638
3/6/2023,1,0.1,15,83,C6,3748
3/6/2023,1,0.1,15,84,0,2615
3/6/2023,1,0.1,15,85,R,4200
3/6/2023,1,0.1,15,86,R,4068
3/6/2023,1,0.1,15,87,R,4592
3/6/2023,1,0.1,15,88,0,2588
3/6/2023,1,0.1,15,89,R,4348
3/6/2023,1,0.1,15,90,R,4572
3/6/2023,1,0.1,15,91,R,3701
3/6/2023,1,0.1,15,92,0,2696
3/6/2023,1,0.1,15,93,R,4686
3/6/2023,1,0.1,15,94,R,4502
3/6/2023,1,0.1,15,95,R,4077
3/6/2023,1,0.1,15,96,0,2813
3/6/2023,2,0.1,15,1,16,3719
3/6/2023,2,0.1,15,2,16,3798
3/6/2023,2,0.1,15,3,16,3550
3/6/2023,2,0.1,15,4,0,2742
3/6/2023,2,0.1,15,5,21,3489
3/6/2023,2,0.1,15,6,21,4567
3/6/2023,2,0.1,15,7,21,3603
3/6/2023,2,0.1,15,8,0,2618
3/6/2023,2,0.1,15,9,26,3841
3/6/2023,2,0.1,15,10,26,4006
3/6/2023,2,0.1,15,11,26,3717
3/6/2023,2,0.1,15,12,0,2573
3/6/2023,2,0.1,15,13,17,4049
3/6/2023,2,0.1,15,14,17,3555
3/6/2023,2,0.1,15,15,17,6381
3/6/2023,2,0.1,15,16,0,2996
3/6/2023,2,0.1,15,17,22,4366
3/6/2023,2,0.1,15,18,22,2815
3/6/2023,2,0.1,15,19,22,8020
3/6/2023,2,0.1,15,20,0,2633
3/6/2023,2,0.1,15,21,27,6799
3/6/2023,2,0.1,15,22,27,6552
3/6/2023,2,0.1,15,23,27,3913
3/6/2023,2,0.1,15,24,0,2887
3/6/2023,2,0.1,15,25,18,3703
3/6/2023,2,0.1,15,26,18,4005
3/6/2023,2,0.1,15,27,18,5279
3/6/2023,2,0.1,15,28,0,2620
3/6/2023,2,0.1,15,29,23,6025
3/6/2023,2,0.1,15,30,23,4338
3/6/2023,2,0.1,15,31,23,4729
3/6/2023,2,0.1,15,32,0,2645
3/6/2023,2,0.1,15,33,28,4173
3/6/2023,2,0.1,15,34,28,4430
3/6/2023,2,0.1,15,35,28,6523
3/6/2023,2,0.1,15,36,0,2640
3/6/2023,2,0.1,15,37,19,4255
3/6/2023,2,0.1,15,38,19,5543
3/6/2023,2,0.1,15,39,19,5937
3/6/2023,2,0.1,15,40,0,2746
3/6/2023,2,0.1,15,41,24,5570
3/6/2023,2,0.1,15,42,24,3632
3/6/2023,2,0.1,15,43,24,6691
3/6/2023,2,0.1,15,44,0,2669
3/6/2023,2,0.1,15,45,29,1532
3/6/2023,2,0.1,15,46,29,4198
3/6/2023,2,0.1,15,47,29,4512
3/6/2023,2,0.1,15,48,0,2689
3/6/2023,2,0.1,15,49,20,3695
3/6/2023,2,0.1,15,50,20,5206
3/6/2023,2,0.1,15,51,20,5991
3/6/2023,2,0.1,15,52,0,2686
3/6/2023,2,0.1,15,53,25,5996
3/6/2023,2,0.1,15,54,25,3695
3/6/2023,2,0.1,15,55,25,3941
3/6/2023,2,0.1,15,56,0,2474
3/6/2023,2,0.1,15,57,30,3692
3/6/2023,2,0.1,15,58,30,3597
3/6/2023,2,0.1,15,59,30,4222
3/6/2023,2,0.1,15,60,0,2683
3/6/2023,2,0.1,15,61,C1,3717
3/6/2023,2,0.1,15,62,C1,3464
3/6/2023,2,0.1,15,63,C1,3273
3/6/2023,2,0.1,15,64,0,2507
3/6/2023,2,0.1,15,65,C2,3349
3/6/2023,2,0.1,15,66,C2,3266
3/6/2023,2,0.1,15,67,C2,3158
3/6/2023,2,0.1,15,68,0,2576
3/6/2023,2,0.1,15,69,C3,3377
3/6/2023,2,0.1,15,70,C3,3273
3/6/2023,2,0.1,15,71,C3,5110
3/6/2023,2,0.1,15,72,0,2825
3/6/2023,2,0.1,15,73,C4,3664
3/6/2023,2,0.1,15,74,C4,5118
3/6/2023,2,0.1,15,75,C4,3536
3/6/2023,2,0.1,15,76,0,2669
3/6/2023,2,0.1,15,77,C5,5190
3/6/2023,2,0.1,15,78,C5,4092
3/6/2023,2,0.1,15,79,C5,4934
3/6/2023,2,0.1,15,80,0,2629
3/6/2023,2,0.1,15,81,C6,5199
3/6/2023,2,0.1,15,82,C6,5954
3/6/2023,2,0.1,15,83,C6,4346
3/6/2023,2,0.1,15,84,0,2730
3/6/2023,2,0.1,15,85,R,3812
3/6/2023,2,0.1,15,86,R,3735
3/6/2023,2,0.1,15,87,R,3659
3/6/2023,2,0.1,15,88,0,2760
3/6/2023,2,0.1,15,89,R,3730
3/6/2023,2,0.1,15,90,R,3553
3/6/2023,2,0.1,15,91,R,3708
3/6/2023,2,0.1,15,92,0,2738
3/6/2023,2,0.1,15,93,R,3542
3/6/2023,2,0.1,15,94,R,3865
3/6/2023,2,0.1,15,95,R,3955
3/6/2023,2,0.1,15,96,0,2756
3/6/2023,3,0.5,15,1,31,5053
3/6/2023,3,0.5,15,2,31,4381
3/6/2023,3,0.5,15,3,31,5734
3/6/2023,3,0.5,15,4,0,2239
3/6/2023,3,0.5,15,5,36,4108
3/6/2023,3,0.5,15,6,36,4284
3/6/2023,3,0.5,15,7,36,4249
3/6/2023,3,0.5,15,8,0,2600
3/6/2023,3,0.5,15,9,41,3903
3/6/2023,3,0.5,15,10,41,3628
3/6/2023,3,0.5,15,11,41,6398
3/6/2023,3,0.5,15,12,0,2629
3/6/2023,3,0.5,15,13,32,1467
3/6/2023,3,0.5,15,14,32,1807
3/6/2023,3,0.5,15,15,32,3170
3/6/2023,3,0.5,15,16,0,2583
3/6/2023,3,0.5,15,17,37,1831
3/6/2023,3,0.5,15,18,37,2156
3/6/2023,3,0.5,15,19,37,3174
3/6/2023,3,0.5,15,20,0,2449
3/6/2023,3,0.5,15,21,42,2010
3/6/2023,3,0.5,15,22,42,2701
3/6/2023,3,0.5,15,23,42,3010
3/6/2023,3,0.5,15,24,0,2700
3/6/2023,3,0.5,15,25,33,4514
3/6/2023,3,0.5,15,26,33,5858
3/6/2023,3,0.5,15,27,33,3968
3/6/2023,3,0.5,15,28,0,2515
3/6/2023,3,0.5,15,29,38,4951
3/6/2023,3,0.5,15,30,38,4463
3/6/2023,3,0.5,15,31,38,671
3/6/2023,3,0.5,15,32,0,2540
3/6/2023,3,0.5,15,33,43,5293
3/6/2023,3,0.5,15,34,43,3104
3/6/2023,3,0.5,15,35,43,2069
3/6/2023,3,0.5,15,36,0,2605
3/6/2023,3,0.5,15,37,34,5763
3/6/2023,3,0.5,15,38,34,2945
3/6/2023,3,0.5,15,39,34,5139
3/6/2023,3,0.5,15,40,0,2555
3/6/2023,3,0.5,15,41,39,5553
3/6/2023,3,0.5,15,42,39,4390
3/6/2023,3,0.5,15,43,39,3272
3/6/2023,3,0.5,15,44,0,2525
3/6/2023,3,0.5,15,45,44,5141
3/6/2023,3,0.5,15,46,44,4339
3/6/2023,3,0.5,15,47,44,4253
3/6/2023,3,0.5,15,48,0,2570
3/6/2023,3,0.5,15,49,35,5602
3/6/2023,3,0.5,15,50,35,3712
3/6/2023,3,0.5,15,51,35,2511
3/6/2023,3,0.5,15,52,0,2587
3/6/2023,3,0.5,15,53,40,7780
3/6/2023,3,0.5,15,54,40,5383
3/6/2023,3,0.5,15,55,40,3788
3/6/2023,3,0.5,15,56,0,2538
3/6/2023,3,0.5,15,57,45,3282
3/6/2023,3,0.5,15,58,45,3213
3/6/2023,3,0.5,15,59,45,3321
3/6/2023,3,0.5,15,60,0,2388
3/6/2023,3,0.5,15,61,C1,4162
3/6/2023,3,0.5,15,62,C1,4292
3/6/2023,3,0.5,15,63,C1,4158
3/6/2023,3,0.5,15,64,0,2587
3/6/2023,3,0.5,15,65,C2,4107
3/6/2023,3,0.5,15,66,C2,3876
3/6/2023,3,0.5,15,67,C2,4145
3/6/2023,3,0.5,15,68,0,2627
3/6/2023,3,0.5,15,69,C3,3870
3/6/2023,3,0.5,15,70,C3,3803
3/6/2023,3,0.5,15,71,C3,3884
3/6/2023,3,0.5,15,72,0,2558
3/6/2023,3,0.5,15,73,C4,6534
3/6/2023,3,0.5,15,74,C4,5749
3/6/2023,3,0.5,15,75,C4,5326
3/6/2023,3,0.5,15,76,0,2634
3/6/2023,3,0.5,15,77,C5,5569
3/6/2023,3,0.5,15,78,C5,3765
3/6/2023,3,0.5,15,79,C5,4101
3/6/2023,3,0.5,15,80,0,2638
3/6/2023,3,0.5,15,81,C6,5428
3/6/2023,3,0.5,15,82,C6,3051
3/6/2023,3,0.5,15,83,C6,6156
3/6/2023,3,0.5,15,84,0,2555
3/6/2023,3,0.5,15,85,R,3458
3/6/2023,3,0.5,15,86,R,3575
3/6/2023,3,0.5,15,87,R,3293
3/6/2023,3,0.5,15,88,0,2640
3/6/2023,3,0.5,15,89,R,3581
3/6/2023,3,0.5,15,90,R,3425
3/6/2023,3,0.5,15,91,R,3637
3/6/2023,3,0.5,15,92,0,2663
3/6/2023,3,0.5,15,93,R,3205
3/6/2023,3,0.5,15,94,R,3248
3/6/2023,3,0.5,15,95,R,3307
3/6/2023,3,0.5,15,96,0,2755
3/6/2023,4,0.5,15,1,46,2496
3/6/2023,4,0.5,15,2,46,4850
3/6/2023,4,0.5,15,3,46,7025
3/6/2023,4,0.5,15,4,0,2652
3/6/2023,4,0.5,15,5,51,4431
3/6/2023,4,0.5,15,6,51,4609
3/6/2023,4,0.5,15,7,51,4195
3/6/2023,4,0.5,15,8,0,2648
3/6/2023,4,0.5,15,9,56,4815
3/6/2023,4,0.5,15,10,56,5110
3/6/2023,4,0.5,15,11,56,4745
3/6/2023,4,0.5,15,12,0,2621
3/6/2023,4,0.5,15,13,47,7976
3/6/2023,4,0.5,15,14,47,9527
3/6/2023,4,0.5,15,15,47,6265
3/6/2023,4,0.5,15,16,0,2610
3/6/2023,4,0.5,15,17,52,3440
3/6/2023,4,0.5,15,18,52,4630
3/6/2023,4,0.5,15,19,52,4455
3/6/2023,4,0.5,15,20,0,2563
3/6/2023,4,0.5,15,21,57,4946
3/6/2023,4,0.5,15,22,57,4977
3/6/2023,4,0.5,15,23,57,5514
3/6/2023,4,0.5,15,24,0,2807
3/6/2023,4,0.5,15,25,48,6130
3/6/2023,4,0.5,15,26,48,7695
3/6/2023,4,0.5,15,27,48,6914
3/6/2023,4,0.5,15,28,0,2579
3/6/2023,4,0.5,15,29,53,5077
3/6/2023,4,0.5,15,30,53,4451
3/6/2023,4,0.5,15,31,53,4482
3/6/2023,4,0.5,15,32,0,2665
3/6/2023,4,0.5,15,33,58,6273
3/6/2023,4,0.5,15,34,58,5446
3/6/2023,4,0.5,15,35,58,6181
3/6/2023,4,0.5,15,36,0,2532
3/6/2023,4,0.5,15,37,49,4977
3/6/2023,4,0.5,15,38,49,8070
3/6/2023,4,0.5,15,39,49,6837
3/6/2023,4,0.5,15,40,0,2721
3/6/2023,4,0.5,15,41,54,5141
3/6/2023,4,0.5,15,42,54,5087
3/6/2023,4,0.5,15,43,54,4654
3/6/2023,4,0.5,15,44,0,2583
3/6/2023,4,0.5,15,45,59,5962
3/6/2023,4,0.5,15,46,59,5950
3/6/2023,4,0.5,15,47,59,6876
3/6/2023,4,0.5,15,48,0,2602
3/6/2023,4,0.5,15,49,50,5453
3/6/2023,4,0.5,15,50,50,5114
3/6/2023,4,0.5,15,51,50,7362
3/6/2023,4,0.5,15,52,0,2819
3/6/2023,4,0.5,15,53,55,7096
3/6/2023,4,0.5,15,54,55,7064
3/6/2023,4,0.5,15,55,55,6974
3/6/2023,4,0.5,15,56,0,2748
3/6/2023,4,0.5,15,57,60,4463
3/6/2023,4,0.5,15,58,60,4124
3/6/2023,4,0.5,15,59,60,4752
3/6/2023,4,0.5,15,60,0,2624
3/6/2023,4,0.5,15,61,C1,4319
3/6/2023,4,0.5,15,62,C1,4354
3/6/2023,4,0.5,15,63,C1,3753
3/6/2023,4,0.5,15,64,0,2667
3/6/2023,4,0.5,15,65,C2,4081
3/6/2023,4,0.5,15,66,C2,3980
3/6/2023,4,0.5,15,67,C2,3863
3/6/2023,4,0.5,15,68,0,2738
3/6/2023,4,0.5,15,69,C3,11122
3/6/2023,4,0.5,15,70,C3,4002
3/6/2023,4,0.5,15,71,C3,3866
3/6/2023,4,0.5,15,72,0,2640
3/6/2023,4,0.5,15,73,C4,7099
3/6/2023,4,0.5,15,74,C4,4949
3/6/2023,4,0.5,15,75,C4,5230
3/6/2023,4,0.5,15,76,0,2900
3/6/2023,4,0.5,15,77,C5,5722
3/6/2023,4,0.5,15,78,C5,6456
3/6/2023,4,0.5,15,79,C5,7651
3/6/2023,4,0.5,15,80,0,2718
3/6/2023,4,0.5,15,81,C6,5875
3/6/2023,4,0.5,15,82,C6,5315
3/6/2023,4,0.5,15,83,C6,5748
3/6/2023,4,0.5,15,84,0,2591
3/6/2023,4,0.5,15,85,R,3670
3/6/2023,4,0.5,15,86,R,5230
3/6/2023,4,0.5,15,87,R,3555
3/6/2023,4,0.5,15,88,0,2563
3/6/2023,4,0.5,15,89,R,3389
3/6/2023,4,0.5,15,90,R,3325
3/6/2023,4,0.5,15,91,R,3752
3/6/2023,4,0.5,15,92,0,2670
3/6/2023,4,0.5,15,93,R,3799
3/6/2023,4,0.5,15,94,R,3548
3/6/2023,4,0.5,15,95,R,3442
3/6/2023,4,0.5,15,96,0,2735
3/6/2023,5,1,15,1,61,7035
3/6/2023,5,1,15,2,61,5413
3/6/2023,5,1,15,3,61,5328
3/6/2023,5,1,15,4,0,1167
3/6/2023,5,1,15,5,66,5665
3/6/2023,5,1,15,6,66,6325
3/6/2023,5,1,15,7,66,4991
3/6/2023,5,1,15,8,0,1097
3/6/2023,5,1,15,9,71,5101
3/6/2023,5,1,15,10,71,4972
3/6/2023,5,1,15,11,71,4806
3/6/2023,5,1,15,12,0,2633
3/6/2023,5,1,15,13,62,6969
3/6/2023,5,1,15,14,62,4974
3/6/2023,5,1,15,15,62,5271
3/6/2023,5,1,15,16,0,933
3/6/2023,5,1,15,17,67,5214
3/6/2023,5,1,15,18,67,5226
3/6/2023,5,1,15,19,67,5247
3/6/2023,5,1,15,20,0,1069
3/6/2023,5,1,15,21,72,4834
3/6/2023,5,1,15,22,72,4814
3/6/2023,5,1,15,23,72,4504
3/6/2023,5,1,15,24,0,2801
3/6/2023,5,1,15,25,63,5121
3/6/2023,5,1,15,26,63,5029
3/6/2023,5,1,15,27,63,4979
3/6/2023,5,1,15,28,0,991
3/6/2023,5,1,15,29,68,5099
3/6/2023,5,1,15,30,68,5389
3/6/2023,5,1,15,31,68,4652
3/6/2023,5,1,15,32,0,978
3/6/2023,5,1,15,33,73,4907
3/6/2023,5,1,15,34,73,4709
3/6/2023,5,1,15,35,73,5048
3/6/2023,5,1,15,36,0,2360
3/6/2023,5,1,15,37,64,5370
3/6/2023,5,1,15,38,64,6850
3/6/2023,5,1,15,39,64,5025
3/6/2023,5,1,15,40,0,1195
3/6/2023,5,1,15,41,69,5088
3/6/2023,5,1,15,42,69,5065
3/6/2023,5,1,15,43,69,4951
3/6/2023,5,1,15,44,0,2127
3/6/2023,5,1,15,45,74,4969
3/6/2023,5,1,15,46,74,4654
3/6/2023,5,1,15,47,74,5003
3/6/2023,5,1,15,48,0,2468
3/6/2023,5,1,15,49,65,6695
3/6/2023,5,1,15,50,65,5053
3/6/2023,5,1,15,51,65,5183
3/6/2023,5,1,15,52,0,1030
3/6/2023,5,1,15,53,70,5540
3/6/2023,5,1,15,54,70,5246
3/6/2023,5,1,15,55,70,5000
3/6/2023,5,1,15,56,0,957
3/6/2023,5,1,15,57,75,4721
3/6/2023,5,1,15,58,75,4657
3/6/2023,5,1,15,59,75,5015
3/6/2023,5,1,15,60,0,2103
3/6/2023,5,1,15,61,C1,5096
3/6/2023,5,1,15,62,C1,4671
3/6/2023,5,1,15,63,C1,5040
3/6/2023,5,1,15,64,0,2470
3/6/2023,5,1,15,65,C2,4469
3/6/2023,5,1,15,66,C2,4537
3/6/2023,5,1,15,67,C2,4584
3/6/2023,5,1,15,68,0,2493
3/6/2023,5,1,15,69,C3,4595
3/6/2023,5,1,15,70,C3,4495
3/6/2023,5,1,15,71,C3,4579
3/6/2023,5,1,15,72,0,2714
3/6/2023,5,1,15,73,C4,5102
3/6/2023,5,1,15,74,C4,5098
3/6/2023,5,1,15,75,C4,4838
3/6/2023,5,1,15,76,0,1989
3/6/2023,5,1,15,77,C5,4875
3/6/2023,5,1,15,78,C5,2377
3/6/2023,5,1,15,79,C5,4529
3/6/2023,5,1,15,80,0,1381
3/6/2023,5,1,15,81,C6,4706
3/6/2023,5,1,15,82,C6,4637
3/6/2023,5,1,15,83,C6,4734
3/6/2023,5,1,15,84,0,2730
3/6/2023,5,1,15,85,R,3761
3/6/2023,5,1,15,86,R,3935
3/6/2023,5,1,15,87,R,3762
3/6/2023,5,1,15,88,0,2699
3/6/2023,5,1,15,89,R,3212
3/6/2023,5,1,15,90,R,3185
3/6/2023,5,1,15,91,R,3422
3/6/2023,5,1,15,92,0,2644
3/6/2023,5,1,15,93,R,3116
3/6/2023,5,1,15,94,R,3532
3/6/2023,5,1,15,95,R,3469
3/6/2023,5,1,15,96,0,2675
3/6/2023,6,1,15,1,76,6210
3/6/2023,6,1,15,2,76,4531
3/6/2023,6,1,15,3,76,4369
3/6/2023,6,1,15,4,0,2407
3/6/2023,6,1,15,5,81,4339
3/6/2023,6,1,15,6,81,4760
3/6/2023,6,1,15,7,81,4889
3/6/2023,6,1,15,8,0,2468
3/6/2023,6,1,15,9,86,4706
3/6/2023,6,1,15,10,86,4913
3/6/2023,6,1,15,11,86,4647
3/6/2023,6,1,15,12,0,2509
3/6/2023,6,1,15,13,77,3829
3/6/2023,6,1,15,14,77,6011
3/6/2023,6,1,15,15,77,5438
3/6/2023,6,1,15,16,0,2408
3/6/2023,6,1,15,17,82,5982
3/6/2023,6,1,15,18,82,7117
3/6/2023,6,1,15,19,82,6796
3/6/2023,6,1,15,20,0,2523
3/6/2023,6,1,15,21,87,7334
3/6/2023,6,1,15,22,87,8383
3/6/2023,6,1,15,23,87,6208
3/6/2023,6,1,15,24,0,2442
3/6/2023,6,1,15,25,78,5941
3/6/2023,6,1,15,26,78,7406
3/6/2023,6,1,15,27,78,6748
3/6/2023,6,1,15,28,0,2458
3/6/2023,6,1,15,29,83,6777
3/6/2023,6,1,15,30,83,6175
3/6/2023,6,1,15,31,83,4503
3/6/2023,6,1,15,32,0,2405
3/6/2023,6,1,15,33,88,7956
3/6/2023,6,1,15,34,88,5466
3/6/2023,6,1,15,35,88,5686
3/6/2023,6,1,15,36,0,2496
3/6/2023,6,1,15,37,79,8419
3/6/2023,6,1,15,38,79,5602
3/6/2023,6,1,15,39,79,7106
3/6/2023,6,1,15,40,0,2465
3/6/2023,6,1,15,41,84,7246
3/6/2023,6,1,15,42,84,6440
3/6/2023,6,1,15,43,84,6568
3/6/2023,6,1,15,44,0,2378
3/6/2023,6,1,15,45,89,5981
3/6/2023,6,1,15,46,89,7393
3/6/2023,6,1,15,47,89,6117
3/6/2023,6,1,15,48,0,2502
3/6/2023,6,1,15,49,80,5945
3/6/2023,6,1,15,50,80,6111
3/6/2023,6,1,15,51,80,5873
3/6/2023,6,1,15,52,0,2247
3/6/2023,6,1,15,53,85,5634
3/6/2023,6,1,15,54,85,5808
3/6/2023,6,1,15,55,85,5338
3/6/2023,6,1,15,56,0,2401
3/6/2023,6,1,15,57,90,4468
3/6/2023,6,1,15,58,90,4445
3/6/2023,6,1,15,59,90,4391
3/6/2023,6,1,15,60,0,2485
3/6/2023,6,1,15,61,C1,4709
3/6/2023,6,1,15,62,C1,4115
3/6/2023,6,1,15,63,C1,4202
3/6/2023,6,1,15,64,0,2402
3/6/2023,6,1,15,65,C2,4296
3/6/2023,6,1,15,66,C2,4414
3/6/2023,6,1,15,67,C2,4741
3/6/2023,6,1,15,68,0,2399
3/6/2023,6,1,15,69,C3,4410
3/6/2023,6,1,15,70,C3,4172
3/6/2023,6,1,15,71,C3,4108
3/6/2023,6,1,15,72,0,2377
3/6/2023,6,1,15,73,C4,4774
3/6/2023,6,1,15,74,C4,5590
3/6/2023,6,1,15,75,C4,5110
3/6/2023,6,1,15,76,0,2524
3/6/2023,6,1,15,77,C5,4033
3/6/2023,6,1,15,78,C5,5608
3/6/2023,6,1,15,79,C5,6323
3/6/2023,6,1,15,80,0,2379
3/6/2023,6,1,15,81,C6,5290
3/6/2023,6,1,15,82,C6,4051
3/6/2023,6,1,15,83,C6,4607
3/6/2023,6,1,15,84,0,2472
3/6/2023,6,1,15,85,R,3282
3/6/2023,6,1,15,86,R,3028
3/6/2023,6,1,15,87,R,2897
3/6/2023,6,1,15,88,0,2448
3/6/2023,6,1,15,89,R,3190
3/6/2023,6,1,15,90,R,3139
3/6/2023,6,1,15,91,R,3261
3/6/2023,6,1,15,92,0,2546
3/6/2023,6,1,15,93,R,3156
3/6/2023,6,1,15,94,R,3089
3/6/2023,6,1,15,95,R,3379
3/6/2023,6,1,15,96,0,2483
3/6/2023,7,0.1,20,1,91,3967
3/6/2023,7,0.1,20,2,91,4176
3/6/2023,7,0.1,20,3,91,4163
3/6/2023,7,0.1,20,4,0,2632
3/6/2023,7,0.1,20,5,96,5193
3/6/2023,7,0.1,20,6,96,4567
3/6/2023,7,0.1,20,7,96,2748
3/6/2023,7,0.1,20,8,0,2469
3/6/2023,7,0.1,20,9,101,3505
3/6/2023,7,0.1,20,10,101,4045
3/6/2023,7,0.1,20,11,101,4306
3/6/2023,7,0.1,20,12,0,2450
3/6/2023,7,0.1,20,13,92,3635
3/6/2023,7,0.1,20,14,92,5313
3/6/2023,7,0.1,20,15,92,5764
3/6/2023,7,0.1,20,16,0,2763
3/6/2023,7,0.1,20,17,97,5823
3/6/2023,7,0.1,20,18,97,7554
3/6/2023,7,0.1,20,19,97,2882
3/6/2023,7,0.1,20,20,0,2650
3/6/2023,7,0.1,20,21,102,7879
3/6/2023,7,0.1,20,22,102,4311
3/6/2023,7,0.1,20,23,102,4434
3/6/2023,7,0.1,20,24,0,2702
3/6/2023,7,0.1,20,25,93,3572
3/6/2023,7,0.1,20,26,93,3470
3/6/2023,7,0.1,20,27,93,5426
3/6/2023,7,0.1,20,28,0,2605
3/6/2023,7,0.1,20,29,98,4738
3/6/2023,7,0.1,20,30,98,4862
3/6/2023,7,0.1,20,31,98,4395
3/6/2023,7,0.1,20,32,0,2576
3/6/2023,7,0.1,20,33,103,5827
3/6/2023,7,0.1,20,34,103,6345
3/6/2023,7,0.1,20,35,103,5287
3/6/2023,7,0.1,20,36,0,2600
3/6/2023,7,0.1,20,37,94,3943
3/6/2023,7,0.1,20,38,94,5214
3/6/2023,7,0.1,20,39,94,5198
3/6/2023,7,0.1,20,40,0,2434
3/6/2023,7,0.1,20,41,99,5741
3/6/2023,7,0.1,20,42,99,5384
3/6/2023,7,0.1,20,43,99,6182
3/6/2023,7,0.1,20,44,0,2674
3/6/2023,7,0.1,20,45,104,6287
3/6/2023,7,0.1,20,46,104,4577
3/6/2023,7,0.1,20,47,104,6696
3/6/2023,7,0.1,20,48,0,2689
3/6/2023,7,0.1,20,49,95,2783
3/6/2023,7,0.1,20,50,95,6515
3/6/2023,7,0.1,20,51,95,6738
3/6/2023,7,0.1,20,52,0,2521
3/6/2023,7,0.1,20,53,100,3812
3/6/2023,7,0.1,20,54,100,5487
3/6/2023,7,0.1,20,55,100,6088
3/6/2023,7,0.1,20,56,0,2480
3/6/2023,7,0.1,20,57,105,3361
3/6/2023,7,0.1,20,58,105,3314
3/6/2023,7,0.1,20,59,105,3433
3/6/2023,7,0.1,20,60,0,2445
3/6/2023,7,0.1,20,61,C1,3508
3/6/2023,7,0.1,20,62,C1,3202
3/6/2023,7,0.1,20,63,C1,3043
3/6/2023,7,0.1,20,64,0,2511
3/6/2023,7,0.1,20,65,C2,3260
3/6/2023,7,0.1,20,66,C2,3240
3/6/2023,7,0.1,20,67,C2,3110
3/6/2023,7,0.1,20,68,0,2540
3/6/2023,7,0.1,20,69,C3,3113
3/6/2023,7,0.1,20,70,C3,3234
3/6/2023,7,0.1,20,71,C3,2982
3/6/2023,7,0.1,20,72,0,2630
3/6/2023,7,0.1,20,73,C4,3641
3/6/2023,7,0.1,20,74,C4,3756
3/6/2023,7,0.1,20,75,C4,4296
3/6/2023,7,0.1,20,76,0,2573
3/6/2023,7,0.1,20,77,C5,5402
3/6/2023,7,0.1,20,78,C5,4884
3/6/2023,7,0.1,20,79,C5,4981
3/6/2023,7,0.1,20,80,0,2666
3/6/2023,7,0.1,20,81,C6,6042
3/6/2023,7,0.1,20,82,C6,4731
3/6/2023,7,0.1,20,83,C6,3754
3/6/2023,7,0.1,20,84,0,2574
3/6/2023,7,0.1,20,85,R,3436
3/6/2023,7,0.1,20,86,R,3568
3/6/2023,7,0.1,20,87,R,3529
3/6/2023,7,0.1,20,88,0,2558
3/6/2023,7,0.1,20,89,R,3367
3/6/2023,7,0.1,20,90,R,3449
3/6/2023,7,0.1,20,91,R,3557
3/6/2023,7,0.1,20,92,0,2624
3/6/2023,7,0.1,20,93,R,3234
3/6/2023,7,0.1,20,94,R,3384
3/6/2023,7,0.1,20,95,R,3368
3/6/2023,7,0.1,20,96,0,2624
3/6/2023,8,0.1,20,1,106,6623
3/6/2023,8,0.1,20,2,106,3703
3/6/2023,8,0.1,20,3,106,4221
3/6/2023,8,0.1,20,4,0,2826
3/6/2023,8,0.1,20,5,111,3757
3/6/2023,8,0.1,20,6,111,3385
3/6/2023,8,0.1,20,7,111,3189
3/6/2023,8,0.1,20,8,0,2403
3/6/2023,8,0.1,20,9,116,3818
3/6/2023,8,0.1,20,10,116,3750
3/6/2023,8,0.1,20,11,116,3509
3/6/2023,8,0.1,20,12,0,2563
3/6/2023,8,0.1,20,13,107,6000
3/6/2023,8,0.1,20,14,107,4495
3/6/2023,8,0.1,20,15,107,3866
3/6/2023,8,0.1,20,16,0,2651
3/6/2023,8,0.1,20,17,112,3556
3/6/2023,8,0.1,20,18,112,3704
3/6/2023,8,0.1,20,19,112,3351
3/6/2023,8,0.1,20,20,0,2611
3/6/2023,8,0.1,20,21,117,3937
3/6/2023,8,0.1,20,22,117,3411
3/6/2023,8,0.1,20,23,117,3372
3/6/2023,8,0.1,20,24,0,2548
3/6/2023,8,0.1,20,25,108,5577
3/6/2023,8,0.1,20,26,108,3568
3/6/2023,8,0.1,20,27,108,3605
3/6/2023,8,0.1,20,28,0,2477
3/6/2023,8,0.1,20,29,113,5465
3/6/2023,8,0.1,20,30,113,4156
3/6/2023,8,0.1,20,31,113,5497
3/6/2023,8,0.1,20,32,0,2529
3/6/2023,8,0.1,20,33,118,3741
3/6/2023,8,0.1,20,34,118,3364
3/6/2023,8,0.1,20,35,118,3519
3/6/2023,8,0.1,20,36,0,2472
3/6/2023,8,0.1,20,37,109,4244
3/6/2023,8,0.1,20,38,109,6550
3/6/2023,8,0.1,20,39,109,4248
3/6/2023,8,0.1,20,40,0,2487
3/6/2023,8,0.1,20,41,114,3488
3/6/2023,8,0.1,20,42,114,3855
3/6/2023,8,0.1,20,43,114,3974
3/6/2023,8,0.1,20,44,0,2374
3/6/2023,8,0.1,20,45,119,3592
3/6/2023,8,0.1,20,46,119,3638
3/6/2023,8,0.1,20,47,119,4052
3/6/2023,8,0.1,20,48,0,2447
3/6/2023,8,0.1,20,49,110,3922
3/6/2023,8,0.1,20,50,110,3838
3/6/2023,8,0.1,20,51,110,3678
3/6/2023,8,0.1,20,52,0,2485
3/6/2023,8,0.1,20,53,115,3962
3/6/2023,8,0.1,20,54,115,3322
3/6/2023,8,0.1,20,55,115,3460
3/6/2023,8,0.1,20,56,0,2456
3/6/2023,8,0.1,20,57,120,3448
3/6/2023,8,0.1,20,58,120,3520
3/6/2023,8,0.1,20,59,120,3488
3/6/2023,8,0.1,20,60,0,2612
3/6/2023,8,0.1,20,61,C1,3321
3/6/2023,8,0.1,20,62,C1,3792
3/6/2023,8,0.1,20,63,C1,3330
3/6/2023,8,0.1,20,64,0,2592
3/6/2023,8,0.1,20,65,C2,3505
3/6/2023,8,0.1,20,66,C2,3105
3/6/2023,8,0.1,20,67,C2,3209
3/6/2023,8,0.1,20,68,0,2441
3/6/2023,8,0.1,20,69,C3,3320
3/6/2023,8,0.1,20,70,C3,3883
3/6/2023,8,0.1,20,71,C3,3229
3/6/2023,8,0.1,20,72,0,2596
3/6/2023,8,0.1,20,73,C4,5375
3/6/2023,8,0.1,20,74,C4,3502
3/6/2023,8,0.1,20,75,C4,3798
3/6/2023,8,0.1,20,76,0,2442
3/6/2023,8,0.1,20,77,C5,3609
3/6/2023,8,0.1,20,78,C5,3484
3/6/2023,8,0.1,20,79,C5,3511
3/6/2023,8,0.1,20,80,0,2495
3/6/2023,8,0.1,20,81,C6,3766
3/6/2023,8,0.1,20,82,C6,3241
3/6/2023,8,0.1,20,83,C6,3549
3/6/2023,8,0.1,20,84,0,2582
3/6/2023,8,0.1,20,85,R,3317
3/6/2023,8,0.1,20,86,R,3326
3/6/2023,8,0.1,20,87,R,3391
3/6/2023,8,0.1,20,88,0,2785
3/6/2023,8,0.1,20,89,R,3397
3/6/2023,8,0.1,20,90,R,3329
3/6/2023,8,0.1,20,91,R,3567
3/6/2023,8,0.1,20,92,0,2436
3/6/2023,8,0.1,20,93,R,3777
3/6/2023,8,0.1,20,94,R,3989
3/6/2023,8,0.1,20,95,R,3397
3/6/2023,8,0.1,20,96,0,2507
3/6/2023,9,0.5,20,1,121,5752
3/6/2023,9,0.5,20,2,121,4382
3/6/2023,9,0.5,20,3,121,6775
3/6/2023,9,0.5,20,4,0,2504
3/6/2023,9,0.5,20,5,126,6925
3/6/2023,9,0.5,20,6,126,5417
3/6/2023,9,0.5,20,7,126,5284
3/6/2023,9,0.5,20,8,0,2402
3/6/2023,9,0.5,20,9,131,6116
3/6/2023,9,0.5,20,10,131,4553
3/6/2023,9,0.5,20,11,131,3505
3/6/2023,9,0.5,20,12,0,2403
3/6/2023,9,0.5,20,13,122,3952
3/6/2023,9,0.5,20,14,122,5691
3/6/2023,9,0.5,20,15,122,4411
3/6/2023,9,0.5,20,16,0,2694
3/6/2023,9,0.5,20,17,127,3446
3/6/2023,9,0.5,20,18,127,3745
3/6/2023,9,0.5,20,19,127,3905
3/6/2023,9,0.5,20,20,0,2589
3/6/2023,9,0.5,20,21,132,3176
3/6/2023,9,0.5,20,22,132,3754
3/6/2023,9,0.5,20,23,132,5251
3/6/2023,9,0.5,20,24,0,2460
3/6/2023,9,0.5,20,25,123,2327
3/6/2023,9,0.5,20,26,123,3608
3/6/2023,9,0.5,20,27,123,3542
3/6/2023,9,0.5,20,28,0,2473
3/6/2023,9,0.5,20,29,128,5368
3/6/2023,9,0.5,20,30,128,4200
3/6/2023,9,0.5,20,31,128,4282
3/6/2023,9,0.5,20,32,0,2614
3/6/2023,9,0.5,20,33,133,4337
3/6/2023,9,0.5,20,34,133,3737
3/6/2023,9,0.5,20,35,133,3676
3/6/2023,9,0.5,20,36,0,2494
3/6/2023,9,0.5,20,37,124,4636
3/6/2023,9,0.5,20,38,124,3927
3/6/2023,9,0.5,20,39,124,3876
3/6/2023,9,0.5,20,40,0,2441
3/6/2023,9,0.5,20,41,129,3557
3/6/2023,9,0.5,20,42,129,4529
3/6/2023,9,0.5,20,43,129,4634
3/6/2023,9,0.5,20,44,0,2442
3/6/2023,9,0.5,20,45,134,7307
3/6/2023,9,0.5,20,46,134,3869
3/6/2023,9,0.5,20,47,134,4265
3/6/2023,9,0.5,20,48,0,2589
3/6/2023,9,0.5,20,49,125,1959
3/6/2023,9,0.5,20,50,125,2664
3/6/2023,9,0.5,20,51,125,3792
3/6/2023,9,0.5,20,52,0,2481
3/6/2023,9,0.5,20,53,130,3821
3/6/2023,9,0.5,20,54,130,4028
3/6/2023,9,0.5,20,55,130,5281
3/6/2023,9,0.5,20,56,0,2480
3/6/2023,9,0.5,20,57,135,5220
3/6/2023,9,0.5,20,58,135,4069
3/6/2023,9,0.5,20,59,135,5829
3/6/2023,9,0.5,20,60,0,2531
3/6/2023,9,0.5,20,61,C1,4015
3/6/2023,9,0.5,20,62,C1,3916
3/6/2023,9,0.5,20,63,C1,4005
3/6/2023,9,0.5,20,64,0,2354
3/6/2023,9,0.5,20,65,C2,3537
3/6/2023,9,0.5,20,66,C2,3632
3/6/2023,9,0.5,20,67,C2,3660
3/6/2023,9,0.5,20,68,0,3928
3/6/2023,9,0.5,20,69,C3,3916
3/6/2023,9,0.5,20,70,C3,3944
3/6/2023,9,0.5,20,71,C3,3815
3/6/2023,9,0.5,20,72,0,2539
3/6/2023,9,0.5,20,73,C4,4303
3/6/2023,9,0.5,20,74,C4,7247
3/6/2023,9,0.5,20,75,C4,7132
3/6/2023,9,0.5,20,76,0,2439
3/6/2023,9,0.5,20,77,C5,6838
3/6/2023,9,0.5,20,78,C5,4388
3/6/2023,9,0.5,20,79,C5,5551
3/6/2023,9,0.5,20,80,0,2531
3/6/2023,9,0.5,20,81,C6,5718
3/6/2023,9,0.5,20,82,C6,4768
3/6/2023,9,0.5,20,83,C6,4463
3/6/2023,9,0.5,20,84,0,2566
3/6/2023,9,0.5,20,85,R,3385
3/6/2023,9,0.5,20,86,R,3748
3/6/2023,9,0.5,20,87,R,2849
3/6/2023,9,0.5,20,88,0,2548
3/6/2023,9,0.5,20,89,R,3469
3/6/2023,9,0.5,20,90,R,3235
3/6/2023,9,0.5,20,91,R,3134
3/6/2023,9,0.5,20,92,0,2506
3/6/2023,9,0.5,20,93,R,3406
3/6/2023,9,0.5,20,94,R,3056
3/6/2023,9,0.5,20,95,R,3287
3/6/2023,9,0.5,20,96,0,2612
3/6/2023,10,0.5,20,1,136,7000
3/6/2023,10,0.5,20,2,136,3704
3/6/2023,10,0.5,20,3,136,3441
3/6/2023,10,0.5,20,4,0,2403
3/6/2023,10,0.5,20,5,141,3441
3/6/2023,10,0.5,20,6,141,3394
3/6/2023,10,0.5,20,7,141,3534
3/6/2023,10,0.5,20,8,0,2526
3/6/2023,10,0.5,20,9,146,6250
3/6/2023,10,0.5,20,10,146,5288
3/6/2023,10,0.5,20,11,146,5094
3/6/2023,10,0.5,20,12,0,2452
3/6/2023,10,0.5,20,13,137,4019
3/6/2023,10,0.5,20,14,137,4431
3/6/2023,10,0.5,20,15,137,6022
3/6/2023,10,0.5,20,16,0,2488
3/6/2023,10,0.5,20,17,142,5380
3/6/2023,10,0.5,20,18,142,6763
3/6/2023,10,0.5,20,19,142,8153
3/6/2023,10,0.5,20,20,0,2401
3/6/2023,10,0.5,20,21,147,6259
3/6/2023,10,0.5,20,22,147,5136
3/6/2023,10,0.5,20,23,147,6721
3/6/2023,10,0.5,20,24,0,2457
3/6/2023,10,0.5,20,25,138,4699
3/6/2023,10,0.5,20,26,138,6234
3/6/2023,10,0.5,20,27,138,5622
3/6/2023,10,0.5,20,28,0,2520
3/6/2023,10,0.5,20,29,143,5703
3/6/2023,10,0.5,20,30,143,8033
3/6/2023,10,0.5,20,31,143,6462
3/6/2023,10,0.5,20,32,0,2443
3/6/2023,10,0.5,20,33,148,5213
3/6/2023,10,0.5,20,34,148,6903
3/6/2023,10,0.5,20,35,148,6117
3/6/2023,10,0.5,20,36,0,2464
3/6/2023,10,0.5,20,37,139,7628
3/6/2023,10,0.5,20,38,139,5382
3/6/2023,10,0.5,20,39,139,6485
3/6/2023,10,0.5,20,40,0,2449
3/6/2023,10,0.5,20,41,144,5312
3/6/2023,10,0.5,20,42,144,7313
3/6/2023,10,0.5,20,43,144,5278
3/6/2023,10,0.5,20,44,0,2462
3/6/2023,10,0.5,20,45,149,4764
3/6/2023,10,0.5,20,46,149,4386
3/6/2023,10,0.5,20,47,149,4971
3/6/2023,10,0.5,20,48,0,2522
3/6/2023,10,0.5,20,49,140,4578
3/6/2023,10,0.5,20,50,140,7135
3/6/2023,10,0.5,20,51,140,5867
3/6/2023,10,0.5,20,52,0,2533
3/6/2023,10,0.5,20,53,145,6682
3/6/2023,10,0.5,20,54,145,7047
3/6/2023,10,0.5,20,55,145,6455
3/6/2023,10,0.5,20,56,0,2554
3/6/2023,10,0.5,20,57,150,5668
3/6/2023,10,0.5,20,58,150,4807
3/6/2023,10,0.5,20,59,150,5694
3/6/2023,10,0.5,20,60,0,2435
3/6/2023,10,0.5,20,61,C1,6393
3/6/2023,10,0.5,20,62,C1,3520
3/6/2023,10,0.5,20,63,C1,3596
3/6/2023,10,0.5,20,64,0,2470
3/6/2023,10,0.5,20,65,C2,3721
3/6/2023,10,0.5,20,66,C2,3642
3/6/2023,10,0.5,20,67,C2,3635
3/6/2023,10,0.5,20,68,0,2534
3/6/2023,10,0.5,20,69,C3,3569
3/6/2023,10,0.5,20,70,C3,3390
3/6/2023,10,0.5,20,71,C3,3695
3/6/2023,10,0.5,20,72,0,2535
3/6/2023,10,0.5,20,73,C4,4769
3/6/2023,10,0.5,20,74,C4,4470
3/6/2023,10,0.5,20,75,C4,5038
3/6/2023,10,0.5,20,76,0,2586
3/6/2023,10,0.5,20,77,C5,4919
3/6/2023,10,0.5,20,78,C5,6480
3/6/2023,10,0.5,20,79,C5,4548
3/6/2023,10,0.5,20,80,0,2494
3/6/2023,10,0.5,20,81,C6,6312
3/6/2023,10,0.5,20,82,C6,7754
3/6/2023,10,0.5,20,83,C6,4264
3/6/2023,10,0.5,20,84,0,2290
3/6/2023,10,0.5,20,85,R,5357
3/6/2023,10,0.5,20,86,R,3536
3/6/2023,10,0.5,20,87,R,3165
3/6/2023,10,0.5,20,88,0,2389
3/6/2023,10,0.5,20,89,R,3302
3/6/2023,10,0.5,20,90,R,2983
3/6/2023,10,0.5,20,91,R,3153
3/6/2023,10,0.5,20,92,0,2566
3/6/2023,10,0.5,20,93,R,3069
3/6/2023,10,0.5,20,94,R,2956
3/6/2023,10,0.5,20,95,R,3164
3/6/2023,10,0.5,20,96,0,2457
3/6/2023,11,1,20,1,151,4519
3/6/2023,11,1,20,2,151,4777
3/6/2023,11,1,20,3,151,4650
3/6/2023,11,1,20,4,0,2440
3/6/2023,11,1,20,5,156,5016
3/6/2023,11,1,20,6,156,4679
3/6/2023,11,1,20,7,156,4981
3/6/2023,11,1,20,8,0,2543
3/6/2023,11,1,20,9,161,4958
3/6/2023,11,1,20,10,161,4708
3/6/2023,11,1,20,11,161,4588
3/6/2023,11,1,20,12,0,2436
3/6/2023,11,1,20,13,152,4886
3/6/2023,11,1,20,14,152,4650
3/6/2023,11,1,20,15,152,4355
3/6/2023,11,1,20,16,0,2388
3/6/2023,11,1,20,17,157,4986
3/6/2023,11,1,20,18,157,4501
3/6/2023,11,1,20,19,157,7280
3/6/2023,11,1,20,20,0,2385
3/6/2023,11,1,20,21,162,4430
3/6/2023,11,1,20,22,162,4342
3/6/2023,11,1,20,23,162,4492
3/6/2023,11,1,20,24,0,2500
3/6/2023,11,1,20,25,153,4510
3/6/2023,11,1,20,26,153,4657
3/6/2023,11,1,20,27,153,5467
3/6/2023,11,1,20,28,0,2573
3/6/2023,11,1,20,29,158,4108
3/6/2023,11,1,20,30,158,6749
3/6/2023,11,1,20,31,158,5128
3/6/2023,11,1,20,32,0,2456
3/6/2023,11,1,20,33,163,4718
3/6/2023,11,1,20,34,163,4292
3/6/2023,11,1,20,35,163,4770
3/6/2023,11,1,20,36,0,2479
3/6/2023,11,1,20,37,154,4482
3/6/2023,11,1,20,38,154,4974
3/6/2023,11,1,20,39,154,7439
3/6/2023,11,1,20,40,0,2564
3/6/2023,11,1,20,41,159,5033
3/6/2023,11,1,20,42,159,5141
3/6/2023,11,1,20,43,159,4264
3/6/2023,11,1,20,44,0,2313
3/6/2023,11,1,20,45,164,4680
3/6/2023,11,1,20,46,164,4455
3/6/2023,11,1,20,47,164,4634
3/6/2023,11,1,20,48,0,2484
3/6/2023,11,1,20,49,155,4231
3/6/2023,11,1,20,50,155,7131
3/6/2023,11,1,20,51,155,5852
3/6/2023,11,1,20,52,0,2536
3/6/2023,11,1,20,53,160,4180
3/6/2023,11,1,20,54,160,4027
3/6/2023,11,1,20,55,160,4058
3/6/2023,11,1,20,56,0,2493
3/6/2023,11,1,20,57,165,4421
3/6/2023,11,1,20,58,165,4275
3/6/2023,11,1,20,59,165,4961
3/6/2023,11,1,20,60,0,2467
3/6/2023,11,1,20,61,C1,4441
3/6/2023,11,1,20,62,C1,4225
3/6/2023,11,1,20,63,C1,4221
3/6/2023,11,1,20,64,0,2578
3/6/2023,11,1,20,65,C2,4487
3/6/2023,11,1,20,66,C2,4403
3/6/2023,11,1,20,67,C2,4327
3/6/2023,11,1,20,68,0,2454
3/6/2023,11,1,20,69,C3,4389
3/6/2023,11,1,20,70,C3,4400
3/6/2023,11,1,20,71,C3,4191
3/6/2023,11,1,20,72,0,2692
3/6/2023,11,1,20,73,C4,4512
3/6/2023,11,1,20,74,C4,4907
3/6/2023,11,1,20,75,C4,6218
3/6/2023,11,1,20,76,0,2448
3/6/2023,11,1,20,77,C5,6063
3/6/2023,11,1,20,78,C5,6886
3/6/2023,11,1,20,79,C5,6999
3/6/2023,11,1,20,80,0,2334
3/6/2023,11,1,20,81,C6,4885
3/6/2023,11,1,20,82,C6,4651
3/6/2023,11,1,20,83,C6,4652
3/6/2023,11,1,20,84,0,2480
3/6/2023,11,1,20,85,R,3092
3/6/2023,11,1,20,86,R,3092
3/6/2023,11,1,20,87,R,3577
3/6/2023,11,1,20,88,0,2503
3/6/2023,11,1,20,89,R,3072
3/6/2023,11,1,20,90,R,3247
3/6/2023,11,1,20,91,R,3055
3/6/2023,11,1,20,92,0,2407
3/6/2023,11,1,20,93,R,3447
3/6/2023,11,1,20,94,R,3038
3/6/2023,11,1,20,95,R,3107
3/6/2023,11,1,20,96,0,2509
3/6/2023,12,1,20,1,166,5289
3/6/2023,12,1,20,2,166,4965
3/6/2023,12,1,20,3,166,4907
3/6/2023,12,1,20,4,0,2633
3/6/2023,12,1,20,5,171,4373
3/6/2023,12,1,20,6,171,4262
3/6/2023,12,1,20,7,171,4628
3/6/2023,12,1,20,8,0,2020
3/6/2023,12,1,20,9,176,4898
3/6/2023,12,1,20,10,176,4649
3/6/2023,12,1,20,11,176,5046
3/6/2023,12,1,20,12,0,2446
3/6/2023,12,1,20,13,167,5871
3/6/2023,12,1,20,14,167,4985
3/6/2023,12,1,20,15,167,5443
3/6/2023,12,1,20,16,0,2598
3/6/2023,12,1,20,17,172,5010
3/6/2023,12,1,20,18,172,3744
3/6/2023,12,1,20,19,172,4867
3/6/2023,12,1,20,20,0,2485
3/6/2023,12,1,20,21,177,6536
3/6/2023,12,1,20,22,177,4678
3/6/2023,12,1,20,23,177,6141
3/6/2023,12,1,20,24,0,2651
3/6/2023,12,1,20,25,168,4482
3/6/2023,12,1,20,26,168,5231
3/6/2023,12,1,20,27,168,6510
3/6/2023,12,1,20,28,0,2429
3/6/2023,12,1,20,29,173,5334
3/6/2023,12,1,20,30,173,5418
3/6/2023,12,1,20,31,173,5646
3/6/2023,12,1,20,32,0,2407
3/6/2023,12,1,20,33,178,4960
3/6/2023,12,1,20,34,178,4583
3/6/2023,12,1,20,35,178,4811
3/6/2023,12,1,20,36,0,2440
3/6/2023,12,1,20,37,169,3759
3/6/2023,12,1,20,38,169,5779
3/6/2023,12,1,20,39,169,7872
3/6/2023,12,1,20,40,0,2318
3/6/2023,12,1,20,41,174,6649
3/6/2023,12,1,20,42,174,8110
3/6/2023,12,1,20,43,174,5384
3/6/2023,12,1,20,44,0,2476
3/6/2023,12,1,20,45,179,4594
3/6/2023,12,1,20,46,179,4418
3/6/2023,12,1,20,47,179,4909
3/6/2023,12,1,20,48,0,2521
3/6/2023,12,1,20,49,170,5855
3/6/2023,12,1,20,50,170,5776
3/6/2023,12,1,20,51,170,5649
3/6/2023,12,1,20,52,0,2421
3/6/2023,12,1,20,53,175,5755
3/6/2023,12,1,20,54,175,6528
3/6/2023,12,1,20,55,175,5637
3/6/2023,12,1,20,56,0,2261
3/6/2023,12,1,20,57,180,4537
3/6/2023,12,1,20,58,180,4496
3/6/2023,12,1,20,59,180,5044
3/6/2023,12,1,20,60,0,2502
3/6/2023,12,1,20,61,C1,4929
3/6/2023,12,1,20,62,C1,4275
3/6/2023,12,1,20,63,C1,4070
3/6/2023,12,1,20,64,0,2277
3/6/2023,12,1,20,65,C2,4356
3/6/2023,12,1,20,66,C2,3894
3/6/2023,12,1,20,67,C2,4060
3/6/2023,12,1,20,68,0,2240
3/6/2023,12,1,20,69,C3,4397
3/6/2023,12,1,20,70,C3,4175
3/6/2023,12,1,20,71,C3,4193
3/6/2023,12,1,20,72,0,2528
3/6/2023,12,1,20,73,C4,4934
3/6/2023,12,1,20,74,C4,4956
3/6/2023,12,1,20,75,C4,5369
3/6/2023,12,1,20,76,0,2577
3/6/2023,12,1,20,77,C5,6586
3/6/2023,12,1,20,78,C5,5211
3/6/2023,12,1,20,79,C5,6625
3/6/2023,12,1,20,80,0,2419
3/6/2023,12,1,20,81,C6,8863
3/6/2023,12,1,20,82,C6,4845
3/6/2023,12,1,20,83,C6,5015
3/6/2023,12,1,20,84,0,2376
3/6/2023,12,1,20,85,R,3420
3/6/2023,12,1,20,86,R,3176
3/6/2023,12,1,20,87,R,3554
3/6/2023,12,1,20,88,0,2357
3/6/2023,12,1,20,89,R,3283
3/6/2023,12,1,20,90,R,3321
3/6/2023,12,1,20,91,R,3465
3/6/2023,12,1,20,92,0,2341
3/6/2023,12,1,20,93,R,3285
3/6/2023,12,1,20,94,R,3402
3/6/2023,12,1,20,95,R,3735
3/6/2023,12,1,20,96,0,2465
3/6/2023,13,0.1,25,1,181,4280
3/6/2023,13,0.1,25,2,181,3723
3/6/2023,13,0.1,25,3,181,3186
3/6/2023,13,0.1,25,4,0,2426
3/6/2023,13,0.1,25,5,186,3870
3/6/2023,13,0.1,25,6,186,4052
3/6/2023,13,0.1,25,7,186,3009
3/6/2023,13,0.1,25,8,0,2218
3/6/2023,13,0.1,25,9,191,4239
3/6/2023,13,0.1,25,10,191,4365
3/6/2023,13,0.1,25,11,191,3850
3/6/2023,13,0.1,25,12,0,2313
3/6/2023,13,0.1,25,13,182,3335
3/6/2023,13,0.1,25,14,182,3227
3/6/2023,13,0.1,25,15,182,2623
3/6/2023,13,0.1,25,16,0,2468
3/6/2023,13,0.1,25,17,187,3262
3/6/2023,13,0.1,25,18,187,3157
3/6/2023,13,0.1,25,19,187,5906
3/6/2023,13,0.1,25,20,0,2391
3/6/2023,13,0.1,25,21,192,4260
3/6/2023,13,0.1,25,22,192,5889
3/6/2023,13,0.1,25,23,192,4325
3/6/2023,13,0.1,25,24,0,2291
3/6/2023,13,0.1,25,25,183,3319
3/6/2023,13,0.1,25,26,183,3014
3/6/2023,13,0.1,25,27,183,2792
3/6/2023,13,0.1,25,28,0,2289
3/6/2023,13,0.1,25,29,188,4469
3/6/2023,13,0.1,25,30,188,2062
3/6/2023,13,0.1,25,31,188,3092
3/6/2023,13,0.1,25,32,0,2325
3/6/2023,13,0.1,25,33,193,2724
3/6/2023,13,0.1,25,34,193,2898
3/6/2023,13,0.1,25,35,193,3115
3/6/2023,13,0.1,25,36,0,2184
3/6/2023,13,0.1,25,37,184,3801
3/6/2023,13,0.1,25,38,184,3048
3/6/2023,13,0.1,25,39,184,3943
3/6/2023,13,0.1,25,40,0,2248
3/6/2023,13,0.1,25,41,189,2852
3/6/2023,13,0.1,25,42,189,4445
3/6/2023,13,0.1,25,43,189,4718
3/6/2023,13,0.1,25,44,0,2303
3/6/2023,13,0.1,25,45,194,3296
3/6/2023,13,0.1,25,46,194,3788
3/6/2023,13,0.1,25,47,194,3293
3/6/2023,13,0.1,25,48,0,2391
3/6/2023,13,0.1,25,49,185,4735
3/6/2023,13,0.1,25,50,185,3970
3/6/2023,13,0.1,25,51,185,3666
3/6/2023,13,0.1,25,52,0,2271
3/6/2023,13,0.1,25,53,190,3470
3/6/2023,13,0.1,25,54,190,4309
3/6/2023,13,0.1,25,55,190,3550
3/6/2023,13,0.1,25,56,0,2293
3/6/2023,13,0.1,25,57,195,3054
3/6/2023,13,0.1,25,58,195,2218
3/6/2023,13,0.1,25,59,195,1869
3/6/2023,13,0.1,25,60,0,2158
3/6/2023,13,0.1,25,61,C1,3071
3/6/2023,13,0.1,25,62,C1,3201
3/6/2023,13,0.1,25,63,C1,3117
3/6/2023,13,0.1,25,64,0,2320
3/6/2023,13,0.1,25,65,C2,3048
3/6/2023,13,0.1,25,66,C2,3235
3/6/2023,13,0.1,25,67,C2,2961
3/6/2023,13,0.1,25,68,0,2316
3/6/2023,13,0.1,25,69,C3,3320
3/6/2023,13,0.1,25,70,C3,3397
3/6/2023,13,0.1,25,71,C3,3051
3/6/2023,13,0.1,25,72,0,2456
3/6/2023,13,0.1,25,73,C4,3338
3/6/2023,13,0.1,25,74,C4,3153
3/6/2023,13,0.1,25,75,C4,4720
3/6/2023,13,0.1,25,76,0,2173
3/6/2023,13,0.1,25,77,C5,3998
3/6/2023,13,0.1,25,78,C5,3563
3/6/2023,13,0.1,25,79,C5,3591
3/6/2023,13,0.1,25,80,0,2247
3/6/2023,13,0.1,25,81,C6,3746
3/6/2023,13,0.1,25,82,C6,3854
3/6/2023,13,0.1,25,83,C6,5362
3/6/2023,13,0.1,25,84,0,2361
3/6/2023,13,0.1,25,85,R,4279
3/6/2023,13,0.1,25,86,R,3332
3/6/2023,13,0.1,25,87,R,5756
3/6/2023,13,0.1,25,88,0,2335
3/6/2023,13,0.1,25,89,R,3377
3/6/2023,13,0.1,25,90,R,3238
3/6/2023,13,0.1,25,91,R,3297
3/6/2023,13,0.1,25,92,0,2275
3/6/2023,13,0.1,25,93,R,3362
3/6/2023,13,0.1,25,94,R,3153
3/6/2023,13,0.1,25,95,R,3473
3/6/2023,13,0.1,25,96,0,2383
3/6/2023,14,0.1,25,1,196,2873
3/6/2023,14,0.1,25,2,196,3312
3/6/2023,14,0.1,25,3,196,3146
3/6/2023,14,0.1,25,4,0,2344
3/6/2023,14,0.1,25,5,201,3553
3/6/2023,14,0.1,25,6,201,2952
3/6/2023,14,0.1,25,7,201,3127
3/6/2023,14,0.1,25,8,0,2512
3/6/2023,14,0.1,25,9,206,3403
3/6/2023,14,0.1,25,10,206,3648
3/6/2023,14,0.1,25,11,206,3344
3/6/2023,14,0.1,25,12,0,2310
3/6/2023,14,0.1,25,13,197,4047
3/6/2023,14,0.1,25,14,197,3421
3/6/2023,14,0.1,25,15,197,3791
3/6/2023,14,0.1,25,16,0,2604
3/6/2023,14,0.1,25,17,202,3989
3/6/2023,14,0.1,25,18,202,4190
3/6/2023,14,0.1,25,19,202,3780
3/6/2023,14,0.1,25,20,0,2373
3/6/2023,14,0.1,25,21,207,6125
3/6/2023,14,0.1,25,22,207,3861
3/6/2023,14,0.1,25,23,207,5200
3/6/2023,14,0.1,25,24,0,2535
3/6/2023,14,0.1,25,25,198,3379
3/6/2023,14,0.1,25,26,198,3963
3/6/2023,14,0.1,25,27,198,4498
3/6/2023,14,0.1,25,28,0,2464
3/6/2023,14,0.1,25,29,203,4940
3/6/2023,14,0.1,25,30,203,4257
3/6/2023,14,0.1,25,31,203,4021
3/6/2023,14,0.1,25,32,0,2347
3/6/2023,14,0.1,25,33,208,4700
3/6/2023,14,0.1,25,34,208,5744
3/6/2023,14,0.1,25,35,208,4430
3/6/2023,14,0.1,25,36,0,2485
3/6/2023,14,0.1,25,37,199,3179
3/6/2023,14,0.1,25,38,199,3932
3/6/2023,14,0.1,25,39,199,4584
3/6/2023,14,0.1,25,40,0,2391
3/6/2023,14,0.1,25,41,204,5339
3/6/2023,14,0.1,25,42,204,3712
3/6/2023,14,0.1,25,43,204,4165
3/6/2023,14,0.1,25,44,0,2410
3/6/2023,14,0.1,25,45,209,6867
3/6/2023,14,0.1,25,46,209,4030
3/6/2023,14,0.1,25,47,209,5651
3/6/2023,14,0.1,25,48,0,2436
3/6/2023,14,0.1,25,49,200,3505
3/6/2023,14,0.1,25,50,200,3676
3/6/2023,14,0.1,25,51,200,5698
3/6/2023,14,0.1,25,52,0,2363
3/6/2023,14,0.1,25,53,205,3557
3/6/2023,14,0.1,25,54,205,4134
3/6/2023,14,0.1,25,55,205,3784
3/6/2023,14,0.1,25,56,0,2438
3/6/2023,14,0.1,25,57,210,4532
3/6/2023,14,0.1,25,58,210,2707
3/6/2023,14,0.1,25,59,210,5063
3/6/2023,14,0.1,25,60,0,2506
3/6/2023,14,0.1,25,61,C1,3081
3/6/2023,14,0.1,25,62,C1,3201
3/6/2023,14,0.1,25,63,C1,2917
3/6/2023,14,0.1,25,64,0,2422
3/6/2023,14,0.1,25,65,C2,2990
3/6/2023,14,0.1,25,66,C2,3236
3/6/2023,14,0.1,25,67,C2,2838
3/6/2023,14,0.1,25,68,0,2269
3/6/2023,14,0.1,25,69,C3,2870
3/6/2023,14,0.1,25,70,C3,2880
3/6/2023,14,0.1,25,71,C3,2779
3/6/2023,14,0.1,25,72,0,2490
3/6/2023,14,0.1,25,73,C4,3097
3/6/2023,14,0.1,25,74,C4,2981
3/6/2023,14,0.1,25,75,C4,3353
3/6/2023,14,0.1,25,76,0,2544
3/6/2023,14,0.1,25,77,C5,3806
3/6/2023,14,0.1,25,78,C5,6043
3/6/2023,14,0.1,25,79,C5,3253
3/6/2023,14,0.1,25,80,0,2364
3/6/2023,14,0.1,25,81,C6,4491
3/6/2023,14,0.1,25,82,C6,4361
3/6/2023,14,0.1,25,83,C6,4244
3/6/2023,14,0.1,25,84,0,2337
3/6/2023,14,0.1,25,85,R,4550
3/6/2023,14,0.1,25,86,R,3711
3/6/2023,14,0.1,25,87,R,3282
3/6/2023,14,0.1,25,88,0,2476
3/6/2023,14,0.1,25,89,R,3607
3/6/2023,14,0.1,25,90,R,3137
3/6/2023,14,0.1,25,91,R,3127
3/6/2023,14,0.1,25,92,0,2483
3/6/2023,14,0.1,25,93,R,3117
3/6/2023,14,0.1,25,94,R,3029
3/6/2023,14,0.1,25,95,R,3558
3/6/2023,14,0.1,25,96,0,2505
3/6/2023,15,0.5,25,1,211,4974
3/6/2023,15,0.5,25,2,211,5233
3/6/2023,15,0.5,25,3,211,3095
3/6/2023,15,0.5,25,4,0,2488
3/6/2023,15,0.5,25,5,216,5990
3/6/2023,15,0.5,25,6,216,1280
3/6/2023,15,0.5,25,7,216,7687
3/6/2023,15,0.5,25,8,0,2259
3/6/2023,15,0.5,25,9,221,5148
3/6/2023,15,0.5,25,10,221,8712
3/6/2023,15,0.5,25,11,221,6360
3/6/2023,15,0.5,25,12,0,2415
3/6/2023,15,0.5,25,13,212,4802
3/6/2023,15,0.5,25,14,212,4063
3/6/2023,15,0.5,25,15,212,4647
3/6/2023,15,0.5,25,16,0,2382
3/6/2023,15,0.5,25,17,217,4569
3/6/2023,15,0.5,25,18,217,4815
3/6/2023,15,0.5,25,19,217,5541
3/6/2023,15,0.5,25,20,0,2331
3/6/2023,15,0.5,25,21,222,4590
3/6/2023,15,0.5,25,22,222,4109
3/6/2023,15,0.5,25,23,222,3769
3/6/2023,15,0.5,25,24,0,2383
3/6/2023,15,0.5,25,25,213,5108
3/6/2023,15,0.5,25,26,213,4590
3/6/2023,15,0.5,25,27,213,6456
3/6/2023,15,0.5,25,28,0,2341
3/6/2023,15,0.5,25,29,218,8683
3/6/2023,15,0.5,25,30,218,6898
3/6/2023,15,0.5,25,31,218,6089
3/6/2023,15,0.5,25,32,0,2296
3/6/2023,15,0.5,25,33,223,4258
3/6/2023,15,0.5,25,34,223,4197
3/6/2023,15,0.5,25,35,223,4785
3/6/2023,15,0.5,25,36,0,2408
3/6/2023,15,0.5,25,37,214,2302
3/6/2023,15,0.5,25,38,214,2842
3/6/2023,15,0.5,25,39,214,4083
3/6/2023,15,0.5,25,40,0,2349
3/6/2023,15,0.5,25,41,219,5094
3/6/2023,15,0.5,25,42,219,4377
3/6/2023,15,0.5,25,43,219,4234
3/6/2023,15,0.5,25,44,0,2372
3/6/2023,15,0.5,25,45,224,4152
3/6/2023,15,0.5,25,46,224,6661
3/6/2023,15,0.5,25,47,224,6872
3/6/2023,15,0.5,25,48,0,2407
3/6/2023,15,0.5,25,49,215,5048
3/6/2023,15,0.5,25,50,215,4213
3/6/2023,15,0.5,25,51,215,4268
3/6/2023,15,0.5,25,52,0,2389
3/6/2023,15,0.5,25,53,220,3188
3/6/2023,15,0.5,25,54,220,6833
3/6/2023,15,0.5,25,55,220,5074
3/6/2023,15,0.5,25,56,0,2399
3/6/2023,15,0.5,25,57,225,3686
3/6/2023,15,0.5,25,58,225,3888
3/6/2023,15,0.5,25,59,225,2315
3/6/2023,15,0.5,25,60,0,2276
3/6/2023,15,0.5,25,61,C1,3623
3/6/2023,15,0.5,25,62,C1,3712
3/6/2023,15,0.5,25,63,C1,3597
3/6/2023,15,0.5,25,64,0,2486
3/6/2023,15,0.5,25,65,C2,3632
3/6/2023,15,0.5,25,66,C2,3624
3/6/2023,15,0.5,25,67,C2,3611
3/6/2023,15,0.5,25,68,0,2356
3/6/2023,15,0.5,25,69,C3,3512
3/6/2023,15,0.5,25,70,C3,3793
3/6/2023,15,0.5,25,71,C3,3859
3/6/2023,15,0.5,25,72,0,2403
3/6/2023,15,0.5,25,73,C4,3682
3/6/2023,15,0.5,25,74,C4,4179
3/6/2023,15,0.5,25,75,C4,4000
3/6/2023,15,0.5,25,76,0,2332
3/6/2023,15,0.5,25,77,C5,4029
3/6/2023,15,0.5,25,78,C5,5069
3/6/2023,15,0.5,25,79,C5,7417
3/6/2023,15,0.5,25,80,0,2255
3/6/2023,15,0.5,25,81,C6,4174
3/6/2023,15,0.5,25,82,C6,3846
3/6/2023,15,0.5,25,83,C6,4136
3/6/2023,15,0.5,25,84,0,2428
3/6/2023,15,0.5,25,85,R,4563
3/6/2023,15,0.5,25,86,R,3412
3/6/2023,15,0.5,25,87,R,3153
3/6/2023,15,0.5,25,88,0,2305
3/6/2023,15,0.5,25,89,R,3322
3/6/2023,15,0.5,25,90,R,3323
3/6/2023,15,0.5,25,91,R,3319
3/6/2023,15,0.5,25,92,0,2477
3/6/2023,15,0.5,25,93,R,3626
3/6/2023,15,0.5,25,94,R,3095
3/6/2023,15,0.5,25,95,R,3558
3/6/2023,15,0.5,25,96,0,2409
3/6/2023,16,0.5,25,1,226,3551
3/6/2023,16,0.5,25,2,226,3456
3/6/2023,16,0.5,25,3,226,3469
3/6/2023,16,0.5,25,4,0,2544
3/6/2023,16,0.5,25,5,231,3410
3/6/2023,16,0.5,25,6,231,3243
3/6/2023,16,0.5,25,7,231,3421
3/6/2023,16,0.5,25,8,0,2319
3/6/2023,16,0.5,25,9,236,2420
3/6/2023,16,0.5,25,10,236,3761
3/6/2023,16,0.5,25,11,236,5598
3/6/2023,16,0.5,25,12,0,2461
3/6/2023,16,0.5,25,13,227,4272
3/6/2023,16,0.5,25,14,227,5927
3/6/2023,16,0.5,25,15,227,4247
3/6/2023,16,0.5,25,16,0,2430
3/6/2023,16,0.5,25,17,232,3167
3/6/2023,16,0.5,25,18,232,6075
3/6/2023,16,0.5,25,19,232,2747
3/6/2023,16,0.5,25,20,0,2381
3/6/2023,16,0.5,25,21,237,4305
3/6/2023,16,0.5,25,22,237,2775
3/6/2023,16,0.5,25,23,237,3357
3/6/2023,16,0.5,25,24,0,2412
3/6/2023,16,0.5,25,25,228,4409
3/6/2023,16,0.5,25,26,228,5753
3/6/2023,16,0.5,25,27,228,5173
3/6/2023,16,0.5,25,28,0,2453
3/6/2023,16,0.5,25,29,233,4033
3/6/2023,16,0.5,25,30,233,4222
3/6/2023,16,0.5,25,31,233,5612
3/6/2023,16,0.5,25,32,0,2281
3/6/2023,16,0.5,25,33,238,5539
3/6/2023,16,0.5,25,34,238,5519
3/6/2023,16,0.5,25,35,238,5245
3/6/2023,16,0.5,25,36,0,2492
3/6/2023,16,0.5,25,37,229,5121
3/6/2023,16,0.5,25,38,229,2592
3/6/2023,16,0.5,25,39,229,5834
3/6/2023,16,0.5,25,40,0,2444
3/6/2023,16,0.5,25,41,234,4780
3/6/2023,16,0.5,25,42,234,4544
3/6/2023,16,0.5,25,43,234,4885
3/6/2023,16,0.5,25,44,0,2369
3/6/2023,16,0.5,25,45,239,5275
3/6/2023,16,0.5,25,46,239,6722
3/6/2023,16,0.5,25,47,239,5253
3/6/2023,16,0.5,25,48,0,2420
3/6/2023,16,0.5,25,49,230,2674
3/6/2023,16,0.5,25,50,230,4296
3/6/2023,16,0.5,25,51,230,5136
3/6/2023,16,0.5,25,52,0,2409
3/6/2023,16,0.5,25,53,235,7521
3/6/2023,16,0.5,25,54,235,5015
3/6/2023,16,0.5,25,55,235,4138
3/6/2023,16,0.5,25,56,0,2489
3/6/2023,16,0.5,25,57,240,7293
3/6/2023,16,0.5,25,58,240,3583
3/6/2023,16,0.5,25,59,240,4870
3/6/2023,16,0.5,25,60,0,2435
3/6/2023,16,0.5,25,61,C1,3967
3/6/2023,16,0.5,25,62,C1,3743
3/6/2023,16,0.5,25,63,C1,3875
3/6/2023,16,0.5,25,64,0,2351
3/6/2023,16,0.5,25,65,C2,3745
3/6/2023,16,0.5,25,66,C2,3668
3/6/2023,16,0.5,25,67,C2,3532
3/6/2023,16,0.5,25,68,0,2295
3/6/2023,16,0.5,25,69,C3,3469
3/6/2023,16,0.5,25,70,C3,3789
3/6/2023,16,0.5,25,71,C3,3762
3/6/2023,16,0.5,25,72,0,2436
3/6/2023,16,0.5,25,73,C4,4184
3/6/2023,16,0.5,25,74,C4,4488
3/6/2023,16,0.5,25,75,C4,3946
3/6/2023,16,0.5,25,76,0,2319
3/6/2023,16,0.5,25,77,C5,7083
3/6/2023,16,0.5,25,78,C5,5294
3/6/2023,16,0.5,25,79,C5,4008
3/6/2023,16,0.5,25,80,0,2363
3/6/2023,16,0.5,25,81,C6,3988
3/6/2023,16,0.5,25,82,C6,4272
3/6/2023,16,0.5,25,83,C6,4409
3/6/2023,16,0.5,25,84,0,2330
3/6/2023,16,0.5,25,85,R,3609
3/6/2023,16,0.5,25,86,R,3117
3/6/2023,16,0.5,25,87,R,3117
3/6/2023,16,0.5,25,88,0,2445
3/6/2023,16,0.5,25,89,R,3220
3/6/2023,16,0.5,25,90,R,3333
3/6/2023,16,0.5,25,91,R,3925
3/6/2023,16,0.5,25,92,0,2395
3/6/2023,16,0.5,25,93,R,3856
3/6/2023,16,0.5,25,94,R,7373
3/6/2023,16,0.5,25,95,R,3517
3/6/2023,16,0.5,25,96,0,2407
3/6/2023,17,1,25,1,241,5026
3/6/2023,17,1,25,2,241,3991
3/6/2023,17,1,25,3,241,4788
3/6/2023,17,1,25,4,0,2327
3/6/2023,17,1,25,5,246,4587
3/6/2023,17,1,25,6,246,4701
3/6/2023,17,1,25,7,246,4508
3/6/2023,17,1,25,8,0,2129
3/6/2023,17,1,25,9,251,4159
3/6/2023,17,1,25,10,251,4026
3/6/2023,17,1,25,11,251,3850
3/6/2023,17,1,25,12,0,2387
3/6/2023,17,1,25,13,242,6143
3/6/2023,17,1,25,14,242,5408
3/6/2023,17,1,25,15,242,6179
3/6/2023,17,1,25,16,0,2308
3/6/2023,17,1,25,17,247,4738
3/6/2023,17,1,25,18,247,6301
3/6/2023,17,1,25,19,247,4959
3/6/2023,17,1,25,20,0,2360
3/6/2023,17,1,25,21,252,3954
3/6/2023,17,1,25,22,252,3888
3/6/2023,17,1,25,23,252,4167
3/6/2023,17,1,25,24,0,2243
3/6/2023,17,1,25,25,243,3700
3/6/2023,17,1,25,26,243,6275
3/6/2023,17,1,25,27,243,5978
3/6/2023,17,1,25,28,0,2322
3/6/2023,17,1,25,29,248,4506
3/6/2023,17,1,25,30,248,6523
3/6/2023,17,1,25,31,248,5815
3/6/2023,17,1,25,32,0,2271
3/6/2023,17,1,25,33,253,3977
3/6/2023,17,1,25,34,253,3884
3/6/2023,17,1,25,35,253,4119
3/6/2023,17,1,25,36,0,2309
3/6/2023,17,1,25,37,244,4337
3/6/2023,17,1,25,38,244,6322
3/6/2023,17,1,25,39,244,6819
3/6/2023,17,1,25,40,0,2315
3/6/2023,17,1,25,41,249,5792
3/6/2023,17,1,25,42,249,5222
3/6/2023,17,1,25,43,249,5249
3/6/2023,17,1,25,44,0,2397
3/6/2023,17,1,25,45,254,3980
3/6/2023,17,1,25,46,254,3867
3/6/2023,17,1,25,47,254,3867
3/6/2023,17,1,25,48,0,2379
3/6/2023,17,1,25,49,245,4672
3/6/2023,17,1,25,50,245,5971
3/6/2023,17,1,25,51,245,5594
3/6/2023,17,1,25,52,0,2443
3/6/2023,17,1,25,53,250,5631
3/6/2023,17,1,25,54,250,6312
3/6/2023,17,1,25,55,250,7342
3/6/2023,17,1,25,56,0,2399
3/6/2023,17,1,25,57,255,4464
3/6/2023,17,1,25,58,255,4007
3/6/2023,17,1,25,59,255,4551
3/6/2023,17,1,25,60,0,2166
3/6/2023,17,1,25,61,C1,5340
3/6/2023,17,1,25,62,C1,4061
3/6/2023,17,1,25,63,C1,4263
3/6/2023,17,1,25,64,0,2409
3/6/2023,17,1,25,65,C2,4141
3/6/2023,17,1,25,66,C2,4022
3/6/2023,17,1,25,67,C2,4268
3/6/2023,17,1,25,68,0,2295
3/6/2023,17,1,25,69,C3,4115
3/6/2023,17,1,25,70,C3,3894
3/6/2023,17,1,25,71,C3,4268
3/6/2023,17,1,25,72,0,2338
3/6/2023,17,1,25,73,C4,5029
3/6/2023,17,1,25,74,C4,5101
3/6/2023,17,1,25,75,C4,4693
3/6/2023,17,1,25,76,0,2407
3/6/2023,17,1,25,77,C5,7130
3/6/2023,17,1,25,78,C5,7217
3/6/2023,17,1,25,79,C5,4605
3/6/2023,17,1,25,80,0,2268
3/6/2023,17,1,25,81,C6,4954
3/6/2023,17,1,25,82,C6,4602
3/6/2023,17,1,25,83,C6,4757
3/6/2023,17,1,25,84,0,2418
3/6/2023,17,1,25,85,R,3200
3/6/2023,17,1,25,86,R,3387
3/6/2023,17,1,25,87,R,3038
3/6/2023,17,1,25,88,0,2304
3/6/2023,17,1,25,89,R,3549
3/6/2023,17,1,25,90,R,3117
3/6/2023,17,1,25,91,R,3008
3/6/2023,17,1,25,92,0,2396
3/6/2023,17,1,25,93,R,3259
3/6/2023,17,1,25,94,R,3132
3/6/2023,17,1,25,95,R,4406
3/6/2023,17,1,25,96,0,2298
3/6/2023,18,1,25,1,256,4336
3/6/2023,18,1,25,2,256,4366
3/6/2023,18,1,25,3,256,4444
3/6/2023,18,1,25,4,0,2590
3/6/2023,18,1,25,5,261,4092
3/6/2023,18,1,25,6,261,4017
3/6/2023,18,1,25,7,261,4322
3/6/2023,18,1,25,8,0,2299
3/6/2023,18,1,25,9,266,4076
3/6/2023,18,1,25,10,266,4117
3/6/2023,18,1,25,11,266,4160
3/6/2023,18,1,25,12,0,2413
3/6/2023,18,1,25,13,257,4103
3/6/2023,18,1,25,14,257,7529
3/6/2023,18,1,25,15,257,5148
3/6/2023,18,1,25,16,0,2275
3/6/2023,18,1,25,17,262,4781
3/6/2023,18,1,25,18,262,5184
3/6/2023,18,1,25,19,262,5170
3/6/2023,18,1,25,20,0,2267
3/6/2023,18,1,25,21,267,4890
3/6/2023,18,1,25,22,267,3330
3/6/2023,18,1,25,23,267,5261
3/6/2023,18,1,25,24,0,2388
3/6/2023,18,1,25,25,258,4669
3/6/2023,18,1,25,26,258,4310
3/6/2023,18,1,25,27,258,4535
3/6/2023,18,1,25,28,0,2328
3/6/2023,18,1,25,29,263,5607
3/6/2023,18,1,25,30,263,5003
3/6/2023,18,1,25,31,263,5125
3/6/2023,18,1,25,32,0,2225
3/6/2023,18,1,25,33,268,5829
3/6/2023,18,1,25,34,268,5353
3/6/2023,18,1,25,35,268,4543
3/6/2023,18,1,25,36,0,2277
3/6/2023,18,1,25,37,259,5479
3/6/2023,18,1,25,38,259,5723
3/6/2023,18,1,25,39,259,7540
3/6/2023,18,1,25,40,0,2345
3/6/2023,18,1,25,41,264,5087
3/6/2023,18,1,25,42,264,4432
3/6/2023,18,1,25,43,264,4453
3/6/2023,18,1,25,44,0,2365
3/6/2023,18,1,25,45,269,4382
3/6/2023,18,1,25,46,269,4531
3/6/2023,18,1,25,47,269,4644
3/6/2023,18,1,25,48,0,2313
3/6/2023,18,1,25,49,260,5192
3/6/2023,18,1,25,50,260,4719
3/6/2023,18,1,25,51,260,5289
3/6/2023,18,1,25,52,0,2224
3/6/2023,18,1,25,53,265,5367
3/6/2023,18,1,25,54,265,4375
3/6/2023,18,1,25,55,265,4233
3/6/2023,18,1,25,56,0,2325
3/6/2023,18,1,25,57,270,3969
3/6/2023,18,1,25,58,270,3864
3/6/2023,18,1,25,59,270,4014
3/6/2023,18,1,25,60,0,2233
3/6/2023,18,1,25,61,C1,4285
3/6/2023,18,1,25,62,C1,3933
3/6/2023,18,1,25,63,C1,4343
3/6/2023,18,1,25,64,0,2285
3/6/2023,18,1,25,65,C2,4370
3/6/2023,18,1,25,66,C2,3930
3/6/2023,18,1,25,67,C2,4459
3/6/2023,18,1,25,68,0,2429
3/6/2023,18,1,25,69,C3,4250
3/6/2023,18,1,25,70,C3,4254
3/6/2023,18,1,25,71,C3,4812
3/6/2023,18,1,25,72,0,2351
3/6/2023,18,1,25,73,C4,2025
3/6/2023,18,1,25,74,C4,3828
3/6/2023,18,1,25,75,C4,6430
3/6/2023,18,1,25,76,0,2262
3/6/2023,18,1,25,77,C5,5365
3/6/2023,18,1,25,78,C5,4708
3/6/2023,18,1,25,79,C5,4177
3/6/2023,18,1,25,80,0,900
3/6/2023,18,1,25,81,C6,4358
3/6/2023,18,1,25,82,C6,4931
3/6/2023,18,1,25,83,C6,5058
3/6/2023,18,1,25,84,0,2194
3/6/2023,18,1,25,85,R,3076
3/6/2023,18,1,25,86,R,3179
3/6/2023,18,1,25,87,R,3027
3/6/2023,18,1,25,88,0,2419
3/6/2023,18,1,25,89,R,3142
3/6/2023,18,1,25,90,R,3313
3/6/2023,18,1,25,91,R,3534
3/6/2023,18,1,25,92,0,2445
3/6/2023,18,1,25,93,R,3882
3/6/2023,18,1,25,94,R,3327
3/6/2023,18,1,25,95,R,3252
3/6/2023,18,1,25,96,0,2369