sample_date,,bucket,temp,community,treatment,epidemic_size,epidemic_size_ind,epidemic_size_c,epidemic_size_ind_c
8/22/22,,1,15,D,D_15,0,0,NaN,0
8/22/22,5,2,15,D,D_15,0,0,NaN,0
8/22/22,15,3,15,D,D_15,0,0,NaN,0
8/22/22,23,4,15,D,D_15,0.01851852,3.5,NaN,0
8/22/22,7,5,20,D,D_20,0,0,NaN,0
8/22/22,27,6,20,D,D_20,0,0,NaN,0
8/22/22,2,7,20,D,D_20,0,0,NaN,0
8/22/22,1,8,20,D,D_20,0,0,NaN,0
8/22/22,9,9,25,D,D_25,0,0,NaN,0
8/22/22,29,10,25,D,D_25,0,0,NaN,0
8/22/22,8,11,25,D,D_25,0,0,NaN,0
8/22/22,12,12,25,D,D_25,0,0,NaN,0
8/22/22,4,13,var,D,D_var,0,0,NaN,0
8/22/22,19,14,var,D,D_var,0,0,NaN,0
8/22/22,25,15,var,D,D_var,0,0,NaN,0
8/22/22,24,16,var,D,D_var,0,0,NaN,0
8/22/22,32,17,15,DM,DM_15,1.25624913,128,NaN,0
8/22/22,6,18,15,DM,DM_15,0.7088258,117.5,NaN,0
8/22/22,3,19,15,DM,DM_15,1.23012265,163,NaN,0
8/22/22,18,20,15,DM,DM_15,2.45406153,222,NaN,0
8/22/22,14,21,20,DM,DM_20,1.35668215,205.5,NaN,0
8/22/22,13,22,20,DM,DM_20,NaN,66,NaN,0
8/22/22,26,23,20,DM,DM_20,NaN,55,NaN,0
8/22/22,11,24,20,DM,DM_20,4.32867829,148,NaN,0
8/22/22,21,25,25,DM,DM_25,0.63997395,133.5,NaN,0
8/22/22,31,26,25,DM,DM_25,NaN,47,NaN,0
8/22/22,30,27,25,DM,DM_25,2.33533203,256.5,NaN,0
8/22/22,28,28,25,DM,DM_25,5.29394095,738.5,NaN,0
8/22/22,16,29,var,DM,DM_var,4.03559709,231.5,NaN,0
8/22/22,10,30,var,DM,DM_var,NaN,0,NaN,0
8/22/22,17,31,var,DM,DM_var,5.78292387,264,NaN,0
8/22/22,20,32,var,DM,DM_var,3.3952228,203,NaN,0
8/22/22,36,33,15,CM,CM_15,NaN,0,0.067842235,36.5
8/22/22,47,34,15,CM,CM_15,NaN,0,0.024990212,16
8/22/22,48,35,15,CM,CM_15,NaN,0,0.094949515,21.5
8/22/22,43,36,15,CM,CM_15,NaN,0,0.327156686,75
8/22/22,58,37,20,CM,CM_20,NaN,270,0.396611684,142.5
8/22/22,61,38,20,CM,CM_20,NaN,0,0.315390689,120
8/22/22,56,39,20,CM,CM_20,NaN,528.5,1.242363891,58.5
8/22/22,60,40,20,CM,CM_20,NaN,5.5,0.238146239,106
8/22/22,64,41,25,CM,CM_25,NaN,0,0,0
8/22/22,62,42,25,CM,CM_25,NaN,3.5,0,0
8/22/22,52,43,25,CM,CM_25,NaN,0,NaN,0
8/22/22,63,44,25,CM,CM_25,NaN,522,0,0
8/22/22,54,45,var,CM,CM_var,NaN,0,0.34690228,80.5
8/22/22,40,46,var,CM,CM_var,NaN,0,0.224299822,58
8/22/22,44,47,var,CM,CM_var,NaN,0,0.008009153,3.5
8/22/22,50,48,var,CM,CM_var,NaN,0,0.167519037,66.5
8/22/22,37,49,15,DCM,DCM_15,1.53623127,267,NaN,0
8/22/22,46,50,15,DCM,DCM_15,2.15344544,170.5,NaN,0
8/22/22,41,51,15,DCM,DCM_15,0.55423707,91,NaN,0
8/22/22,35,52,15,DCM,DCM_15,1.84221293,180,0,0
8/22/22,51,53,20,DCM,DCM_20,2.56120991,327.5,NaN,7
8/22/22,55,54,20,DCM,DCM_20,1.45740079,249,NaN,0
8/22/22,34,55,20,DCM,DCM_20,1.96751012,186.5,NaN,0
8/22/22,49,56,20,DCM,DCM_20,8.57708761,1232,NaN,3.5
8/22/22,33,57,25,DCM,DCM_25,3.90941733,578,NaN,3.5
8/22/22,42,58,25,DCM,DCM_25,3.25129529,519,NaN,0
8/22/22,59,59,25,DCM,DCM_25,2.85241802,173,0,0
8/22/22,39,60,25,DCM,DCM_25,1.67642145,411,NaN,0
8/22/22,57,61,var,DCM,DCM_var,3.08118749,341,NaN,0
8/22/22,53,62,var,DCM,DCM_var,4.7334584,234,0,0
8/22/22,38,63,var,DCM,DCM_var,5.29574982,441.5,0.627124872,50
8/22/22,45,64,var,DCM,DCM_var,7.74492962,304.5,NaN,3.5
8/18/22,22,1,15,D,D_15,0,0,NaN,0
8/18/22,5,2,15,D,D_15,0,0,NaN,0
8/18/22,15,3,15,D,D_15,0,0,NaN,0
8/18/22,23,4,15,D,D_15,0.01851852,3.5,NaN,0
8/18/22,7,5,20,D,D_20,0,0,NaN,0
8/18/22,27,6,20,D,D_20,0,0,NaN,0
8/18/22,2,7,20,D,D_20,0,0,NaN,0
8/18/22,1,8,20,D,D_20,0,0,NaN,0
8/18/22,9,9,25,D,D_25,0,0,NaN,0
8/18/22,29,10,25,D,D_25,0,0,NaN,0
8/18/22,8,11,25,D,D_25,0,0,NaN,0
8/18/22,12,12,25,D,D_25,0,0,NaN,0
8/18/22,4,13,var,D,D_var,0,0,NaN,0
8/18/22,19,14,var,D,D_var,0,0,NaN,0
8/18/22,25,15,var,D,D_var,0,0,NaN,0
8/18/22,24,16,var,D,D_var,0,0,NaN,0
8/18/22,32,17,15,DM,DM_15,1.22235083,124,NaN,0
8/18/22,6,18,15,DM,DM_15,0.7088258,117.5,NaN,0
8/18/22,3,19,15,DM,DM_15,0.98164704,135,NaN,0
8/18/22,18,20,15,DM,DM_15,1.21721943,204,NaN,0
8/18/22,14,21,20,DM,DM_20,1.35668215,205.5,NaN,0
8/18/22,13,22,20,DM,DM_20,NaN,66,NaN,0
8/18/22,26,23,20,DM,DM_20,NaN,53,NaN,0
8/18/22,11,24,20,DM,DM_20,4.18399647,134,NaN,0
8/18/22,21,25,25,DM,DM_25,0.62316723,131.5,NaN,0
8/18/22,31,26,25,DM,DM_25,NaN,47,NaN,0
8/18/22,30,27,25,DM,DM_25,1.9403627,208.5,NaN,0
8/18/22,28,28,25,DM,DM_25,5.1021748,716.5,NaN,0
8/18/22,16,29,var,DM,DM_var,3.94364307,223.5,NaN,0
8/18/22,10,30,var,DM,DM_var,NaN,0,NaN,0
8/18/22,17,31,var,DM,DM_var,5.54949063,246,NaN,0
8/18/22,20,32,var,DM,DM_var,3.38671216,201,NaN,0
8/18/22,36,33,15,CM,CM_15,NaN,0,0.054757574,26.5
8/18/22,47,34,15,CM,CM_15,NaN,0,0.015567199,10
8/18/22,48,35,15,CM,CM_15,NaN,0,0.082408318,13.5
8/18/22,43,36,15,CM,CM_15,NaN,0,0.183138103,43
8/18/22,58,37,20,CM,CM_20,NaN,234,0.334111684,136.5
8/18/22,61,38,20,CM,CM_20,NaN,0,0.300951284,110
8/18/22,56,39,20,CM,CM_20,NaN,470.5,1.070332815,46.5
8/18/22,60,40,20,CM,CM_20,NaN,3.5,0.222496246,98
8/18/22,64,41,25,CM,CM_25,NaN,0,0,0
8/18/22,62,42,25,CM,CM_25,NaN,3.5,0,0
8/18/22,52,43,25,CM,CM_25,NaN,0,NaN,0
8/18/22,63,44,25,CM,CM_25,NaN,504,0,0
8/18/22,54,45,var,CM,CM_var,NaN,0,0.334817687,76.5
8/18/22,40,46,var,CM,CM_var,NaN,0,0.186032643,52
8/18/22,44,47,var,CM,CM_var,NaN,0,0.008009153,3.5
8/18/22,50,48,var,CM,CM_var,NaN,0,0.157903652,62.5
8/18/22,37,49,15,DCM,DCM_15,0.89283059,175,NaN,0
8/18/22,46,50,15,DCM,DCM_15,0.90900099,122.5,NaN,0
8/18/22,41,51,15,DCM,DCM_15,0.50160549,85,NaN,0
8/18/22,35,52,15,DCM,DCM_15,0.92818364,120,0,0
8/18/22,51,53,20,DCM,DCM_20,2.33381265,307.5,NaN,5
8/18/22,55,54,20,DCM,DCM_20,1.45740079,249,NaN,0
8/18/22,34,55,20,DCM,DCM_20,1.44194193,156.5,NaN,0
8/18/22,49,56,20,DCM,DCM_20,8.17783808,1176,NaN,3.5
8/18/22,33,57,25,DCM,DCM_25,3.48111508,482,NaN,1.5
8/18/22,42,58,25,DCM,DCM_25,2.33376282,447,NaN,0
8/18/22,59,59,25,DCM,DCM_25,2.25241802,141,0,0
8/18/22,39,60,25,DCM,DCM_25,0.95675042,183,NaN,0
8/18/22,57,61,var,DCM,DCM_var,2.91142265,297,NaN,0
8/18/22,53,62,var,DCM,DCM_var,4.67858851,222,0,0
8/18/22,38,63,var,DCM,DCM_var,4.6778899,333.5,0.570456668,34
8/18/22,45,64,var,DCM,DCM_var,7.49492962,280.5,NaN,1.5
8/15/22,22,1,15,D,D_15,0,0,NaN,0
8/15/22,5,2,15,D,D_15,0,0,NaN,0
8/15/22,15,3,15,D,D_15,0,0,NaN,0
8/15/22,23,4,15,D,D_15,0.01851852,3.5,NaN,0
8/15/22,7,5,20,D,D_20,0,0,NaN,0
8/15/22,27,6,20,D,D_20,0,0,NaN,0
8/15/22,2,7,20,D,D_20,0,0,NaN,0
8/15/22,1,8,20,D,D_20,0,0,NaN,0
8/15/22,9,9,25,D,D_25,0,0,NaN,0
8/15/22,29,10,25,D,D_25,0,0,NaN,0
8/15/22,8,11,25,D,D_25,0,0,NaN,0
8/15/22,12,12,25,D,D_25,0,0,NaN,0
8/15/22,4,13,var,D,D_var,0,0,NaN,0
8/15/22,19,14,var,D,D_var,0,0,NaN,0
8/15/22,25,15,var,D,D_var,0,0,NaN,0
8/15/22,24,16,var,D,D_var,0,0,NaN,0
8/15/22,32,17,15,DM,DM_15,1.22235083,124,NaN,0
8/15/22,6,18,15,DM,DM_15,0.7088258,117.5,NaN,0
8/15/22,3,19,15,DM,DM_15,0.93591533,127.5,NaN,0
8/15/22,18,20,15,DM,DM_15,0.66458785,193.5,NaN,0
8/15/22,14,21,20,DM,DM_20,1.34033338,199.5,NaN,0
8/15/22,13,22,20,DM,DM_20,NaN,66,NaN,0
8/15/22,26,23,20,DM,DM_20,NaN,51.5,NaN,0
8/15/22,11,24,20,DM,DM_20,3.83905976,122,NaN,0
8/15/22,21,25,25,DM,DM_25,0.61056219,130,NaN,0
8/15/22,31,26,25,DM,DM_25,NaN,47,NaN,0
8/15/22,30,27,25,DM,DM_25,1.7219252,187.5,NaN,0
8/15/22,28,28,25,DM,DM_25,4.97503805,704.5,NaN,0
8/15/22,16,29,var,DM,DM_var,3.58896326,193.5,NaN,0
8/15/22,10,30,var,DM,DM_var,NaN,0,NaN,0
8/15/22,17,31,var,DM,DM_var,4.96507505,225,NaN,0
8/15/22,20,32,var,DM,DM_var,3.35613564,198,NaN,0
8/15/22,36,33,15,CM,CM_15,NaN,0,0.045345048,19
8/15/22,47,34,15,CM,CM_15,NaN,0,0.008941471,5.5
8/15/22,48,35,15,CM,CM_15,NaN,0,0.079774428,10.5
8/15/22,43,36,15,CM,CM_15,NaN,0,0.111709532,25
8/15/22,58,37,20,CM,CM_20,NaN,228,0.314374842,135
8/15/22,61,38,20,CM,CM_20,NaN,0,0.297697488,108.5
8/15/22,56,39,20,CM,CM_20,NaN,437.5,0.985427154,42
8/15/22,60,40,20,CM,CM_20,NaN,3.5,0.20803606,92
8/15/22,64,41,25,CM,CM_25,NaN,0,0,0
8/15/22,62,42,25,CM,CM_25,NaN,3.5,0,0
8/15/22,52,43,25,CM,CM_25,NaN,0,NaN,0
8/15/22,63,44,25,CM,CM_25,NaN,469.5,0,0
8/15/22,54,45,var,CM,CM_var,NaN,0,0.275754243,64.5
8/15/22,40,46,var,CM,CM_var,NaN,0,0.121037069,43
8/15/22,44,47,var,CM,CM_var,NaN,0,0.008009153,3.5
8/15/22,50,48,var,CM,CM_var,NaN,0,0.150692114,59.5
8/15/22,37,49,15,DCM,DCM_15,0.6714579,125.5,NaN,0
8/15/22,46,50,15,DCM,DCM_15,0.30900099,98.5,NaN,0
8/15/22,41,51,15,DCM,DCM_15,0.44634234,79,NaN,0
8/15/22,35,52,15,DCM,DCM_15,0.46198546,85.5,0,0
8/15/22,51,53,20,DCM,DCM_20,2.31326471,306,NaN,3.5
8/15/22,55,54,20,DCM,DCM_20,1.44645188,247.5,NaN,0
8/15/22,34,55,20,DCM,DCM_20,1.04262,125,NaN,0
8/15/22,49,56,20,DCM,DCM_20,7.50773097,1125,NaN,3.5
8/15/22,33,57,25,DCM,DCM_25,3.08859462,420.5,NaN,0
8/15/22,42,58,25,DCM,DCM_25,1.81662995,397.5,NaN,0
8/15/22,59,59,25,DCM,DCM_25,1.59715486,112.5,0,0
8/15/22,39,60,25,DCM,DCM_25,0.72163375,130.5,NaN,0
8/15/22,57,61,var,DCM,DCM_var,2.61418543,256.5,NaN,0
8/15/22,53,62,var,DCM,DCM_var,4.66743609,219,0,0
8/15/22,38,63,var,DCM,DCM_var,4.27479731,281,0.54318394,28
8/15/22,45,64,var,DCM,DCM_var,6.81905753,241.5,NaN,0
8/11/22,22,1,15,D,D_15,0,0,NaN,0
8/11/22,5,2,15,D,D_15,0,0,NaN,0
8/11/22,15,3,15,D,D_15,0,0,NaN,0
8/11/22,23,4,15,D,D_15,0.01851852,3.5,NaN,0
8/11/22,7,5,20,D,D_20,0,0,NaN,0
8/11/22,27,6,20,D,D_20,0,0,NaN,0
8/11/22,2,7,20,D,D_20,0,0,NaN,0
8/11/22,1,8,20,D,D_20,0,0,NaN,0
8/11/22,9,9,25,D,D_25,0,0,NaN,0
8/11/22,29,10,25,D,D_25,0,0,NaN,0
8/11/22,8,11,25,D,D_25,0,0,NaN,0
8/11/22,12,12,25,D,D_25,0,0,NaN,0
8/11/22,4,13,var,D,D_var,0,0,NaN,0
8/11/22,19,14,var,D,D_var,0,0,NaN,0
8/11/22,25,15,var,D,D_var,0,0,NaN,0
8/11/22,24,16,var,D,D_var,0,0,NaN,0
8/11/22,32,17,15,DM,DM_15,1.22235083,124,NaN,0
8/11/22,6,18,15,DM,DM_15,0.7088258,117.5,NaN,0
8/11/22,3,19,15,DM,DM_15,0.93591533,127.5,NaN,0
8/11/22,18,20,15,DM,DM_15,0.66458785,193.5,NaN,0
8/11/22,14,21,20,DM,DM_20,1.26171683,171.5,NaN,0
8/11/22,13,22,20,DM,DM_20,NaN,66,NaN,0
8/11/22,26,23,20,DM,DM_20,NaN,51.5,NaN,0
8/11/22,11,24,20,DM,DM_20,2.12111104,98,NaN,0
8/11/22,21,25,25,DM,DM_25,0.61056219,130,NaN,0
8/11/22,31,26,25,DM,DM_25,NaN,47,NaN,0
8/11/22,30,27,25,DM,DM_25,1.60530935,171.5,NaN,0
8/11/22,28,28,25,DM,DM_25,4.72267637,688.5,NaN,0
8/11/22,16,29,var,DM,DM_var,2.26064246,143.5,NaN,0
8/11/22,10,30,var,DM,DM_var,NaN,0,NaN,0
8/11/22,17,31,var,DM,DM_var,3.06031314,161,NaN,0
8/11/22,20,32,var,DM,DM_var,2.53599879,170,NaN,0
8/11/22,36,33,15,CM,CM_15,NaN,0,0.040229959,15
8/11/22,47,34,15,CM,CM_15,NaN,0,0.006140351,3.5
8/11/22,48,35,15,CM,CM_15,NaN,0,0.074593081,8.5
8/11/22,43,36,15,CM,CM_15,NaN,0,0.073614294,17
8/11/22,58,37,20,CM,CM_20,NaN,216,0.288059052,133
8/11/22,61,38,20,CM,CM_20,NaN,0,0.284452455,104.5
8/11/22,56,39,20,CM,CM_20,NaN,405.5,0.60081177,32
8/11/22,60,40,20,CM,CM_20,NaN,3.5,0.186854344,82
8/11/22,64,41,25,CM,CM_25,NaN,0,0,0
8/11/22,62,42,25,CM,CM_25,NaN,3.5,0,0
8/11/22,52,43,25,CM,CM_25,NaN,0,NaN,0
8/11/22,63,44,25,CM,CM_25,NaN,411.5,0,0
8/11/22,54,45,var,CM,CM_var,NaN,0,0.171528891,44.5
8/11/22,40,46,var,CM,CM_var,NaN,0,0.058044943,35
8/11/22,44,47,var,CM,CM_var,NaN,0,0.008009153,3.5
8/11/22,50,48,var,CM,CM_var,NaN,0,0.150692114,59.5
8/11/22,37,49,15,DCM,DCM_15,0.59251053,107.5,NaN,0
8/11/22,46,50,15,DCM,DCM_15,0.30900099,98.5,NaN,0
8/11/22,41,51,15,DCM,DCM_15,0.4252897,77,NaN,0
8/11/22,35,52,15,DCM,DCM_15,0.3061413,73.5,0,0
8/11/22,51,53,20,DCM,DCM_20,2.21449928,298,NaN,1.5
8/11/22,55,54,20,DCM,DCM_20,1.18271562,199.5,NaN,0
8/11/22,34,55,20,DCM,DCM_20,0.82984437,101,NaN,0
8/11/22,49,56,20,DCM,DCM_20,5.66961851,903,NaN,3.5
8/11/22,33,57,25,DCM,DCM_25,2.47005125,320.5,NaN,0
8/11/22,42,58,25,DCM,DCM_25,1.25893764,333.5,NaN,0
8/11/22,59,59,25,DCM,DCM_25,1.07766912,88.5,0,0
8/11/22,39,60,25,DCM,DCM_25,0.52538082,100.5,NaN,0
8/11/22,57,61,var,DCM,DCM_var,2.14552871,230.5,NaN,0
8/11/22,53,62,var,DCM,DCM_var,3.79564122,185,0,0
8/11/22,38,63,var,DCM,DCM_var,4.09562598,261,0.54318394,28
8/11/22,45,64,var,DCM,DCM_var,4.88218045,195.5,NaN,0
8/8/22,22,1,15,D,D_15,0,0,NaN,0
8/8/22,5,2,15,D,D_15,0,0,NaN,0
8/8/22,15,3,15,D,D_15,0,0,NaN,0
8/8/22,23,4,15,D,D_15,0.01851852,3.5,NaN,0
8/8/22,7,5,20,D,D_20,0,0,NaN,0
8/8/22,27,6,20,D,D_20,0,0,NaN,0
8/8/22,2,7,20,D,D_20,0,0,NaN,0
8/8/22,1,8,20,D,D_20,0,0,NaN,0
8/8/22,9,9,25,D,D_25,0,0,NaN,0
8/8/22,29,10,25,D,D_25,0,0,NaN,0
8/8/22,8,11,25,D,D_25,0,0,NaN,0
8/8/22,12,12,25,D,D_25,0,0,NaN,0
8/8/22,4,13,var,D,D_var,0,0,NaN,0
8/8/22,19,14,var,D,D_var,0,0,NaN,0
8/8/22,25,15,var,D,D_var,0,0,NaN,0
8/8/22,24,16,var,D,D_var,0,0,NaN,0
8/8/22,32,17,15,DM,DM_15,1.21465852,122.5,NaN,0
8/8/22,6,18,15,DM,DM_15,0.7088258,117.5,NaN,0
8/8/22,3,19,15,DM,DM_15,0.93591533,127.5,NaN,0
8/8/22,18,20,15,DM,DM_15,0.66458785,193.5,NaN,0
8/8/22,14,21,20,DM,DM_20,1.08396806,141.5,NaN,0
8/8/22,13,22,20,DM,DM_20,NaN,66,NaN,0
8/8/22,26,23,20,DM,DM_20,NaN,51.5,NaN,0
8/8/22,11,24,20,DM,DM_20,0.93979236,75.5,NaN,0
8/8/22,21,25,25,DM,DM_25,0.52185251,113.5,NaN,0
8/8/22,31,26,25,DM,DM_25,NaN,47,NaN,0
8/8/22,30,27,25,DM,DM_25,1.31144625,132.5,NaN,0
8/8/22,28,28,25,DM,DM_25,3.73693076,619.5,NaN,0
8/8/22,16,29,var,DM,DM_var,1.25011615,127,NaN,0
8/8/22,10,30,var,DM,DM_var,NaN,0,NaN,0
8/8/22,17,31,var,DM,DM_var,1.46031314,107,NaN,0
8/8/22,20,32,var,DM,DM_var,1.252782,114.5,NaN,0
8/8/22,36,33,15,CM,CM_15,NaN,0,0.040229959,15
8/8/22,47,34,15,CM,CM_15,NaN,0,0.003508772,2
8/8/22,48,35,15,CM,CM_15,NaN,0,0.070707071,7
8/8/22,43,36,15,CM,CM_15,NaN,0,0.033324115,8
8/8/22,58,37,20,CM,CM_20,NaN,186,0.2844791,131.5
8/8/22,61,38,20,CM,CM_20,NaN,0,0.253220505,91
8/8/22,56,39,20,CM,CM_20,NaN,380,0.207087074,18.5
8/8/22,60,40,20,CM,CM_20,NaN,3.5,0.171561189,73
8/8/22,64,41,25,CM,CM_25,NaN,0,0,0
8/8/22,62,42,25,CM,CM_25,NaN,3.5,0,0
8/8/22,52,43,25,CM,CM_25,NaN,0,NaN,0
8/8/22,63,44,25,CM,CM_25,NaN,294.5,0,0
8/8/22,54,45,var,CM,CM_var,NaN,0,0.127734877,35.5
8/8/22,40,46,var,CM,CM_var,NaN,0,0.04127178,24.5
8/8/22,44,47,var,CM,CM_var,NaN,0,0.008009153,3.5
8/8/22,50,48,var,CM,CM_var,NaN,0,0.150692114,59.5
8/8/22,37,49,15,DCM,DCM_15,0.59251053,107.5,NaN,0
8/8/22,46,50,15,DCM,DCM_15,0.30900099,98.5,NaN,0
8/8/22,41,51,15,DCM,DCM_15,0.4252897,77,NaN,0
8/8/22,35,52,15,DCM,DCM_15,0.3061413,73.5,0,0
8/8/22,51,53,20,DCM,DCM_20,1.66354659,209.5,NaN,0
8/8/22,55,54,20,DCM,DCM_20,0.88569163,138,NaN,0
8/8/22,34,55,20,DCM,DCM_20,0.80209466,96.5,NaN,0
8/8/22,49,56,20,DCM,DCM_20,3.72485365,627,NaN,3.5
8/8/22,33,57,25,DCM,DCM_25,1.99396631,250,NaN,0
8/8/22,42,58,25,DCM,DCM_25,0.86334516,267.5,NaN,0
8/8/22,59,59,25,DCM,DCM_25,1.01047126,79.5,0,0
8/8/22,39,60,25,DCM,DCM_25,0.41001319,84,NaN,0
8/8/22,57,61,var,DCM,DCM_var,1.61254999,206.5,NaN,0
8/8/22,53,62,var,DCM,DCM_var,2.00543143,122,0,0
8/8/22,38,63,var,DCM,DCM_var,3.77966853,240,0.48195945,25
8/8/22,45,64,var,DCM,DCM_var,2.89157895,162.5,NaN,0
8/4/22,22,1,15,D,D_15,0,0,NaN,0
8/4/22,5,2,15,D,D_15,0,0,NaN,0
8/4/22,15,3,15,D,D_15,0,0,NaN,0
8/4/22,23,4,15,D,D_15,0.007936508,1.5,NaN,0
8/4/22,7,5,20,D,D_20,0,0,NaN,0
8/4/22,27,6,20,D,D_20,0,0,NaN,0
8/4/22,2,7,20,D,D_20,0,0,NaN,0
8/4/22,1,8,20,D,D_20,0,0,NaN,0
8/4/22,9,9,25,D,D_25,0,0,NaN,0
8/4/22,29,10,25,D,D_25,0,0,NaN,0
8/4/22,8,11,25,D,D_25,0,0,NaN,0
8/4/22,12,12,25,D,D_25,0,0,NaN,0
8/4/22,4,13,var,D,D_var,0,0,NaN,0
8/4/22,19,14,var,D,D_var,0,0,NaN,0
8/4/22,25,15,var,D,D_var,0,0,NaN,0
8/4/22,24,16,var,D,D_var,0,0,NaN,0
8/4/22,32,17,15,DM,DM_15,1.15655522,110.5,NaN,0
8/4/22,6,18,15,DM,DM_15,0.686603581,111.5,NaN,0
8/4/22,3,19,15,DM,DM_15,0.921629616,125.5,NaN,0
8/4/22,18,20,15,DM,DM_15,0.664587847,193.5,NaN,0
8/4/22,14,21,20,DM,DM_20,0.843181818,115.5,NaN,0
8/4/22,13,22,20,DM,DM_20,0.8780134,60,NaN,0
8/4/22,26,23,20,DM,DM_20,0.262201657,51.5,NaN,0
8/4/22,11,24,20,DM,DM_20,0.684800038,59.5,NaN,0
8/4/22,21,25,25,DM,DM_25,0.358118394,81.5,NaN,0
8/4/22,31,26,25,DM,DM_25,NaN,47,NaN,0
8/4/22,30,27,25,DM,DM_25,1.004994637,94.5,NaN,0
8/4/22,28,28,25,DM,DM_25,2.348041871,513.5,NaN,0
8/4/22,16,29,var,DM,DM_var,0.739005036,121,NaN,0
8/4/22,10,30,var,DM,DM_var,NaN,0,NaN,0
8/4/22,17,31,var,DM,DM_var,0.586239068,85,NaN,0
8/4/22,20,32,var,DM,DM_var,0.329705079,66.5,NaN,0
8/4/22,36,33,15,CM,CM_15,NaN,0,0.040229959,15
8/4/22,47,34,15,CM,CM_15,NaN,0,0,0
8/4/22,48,35,15,CM,CM_15,NaN,0,0.070707071,7
8/4/22,43,36,15,CM,CM_15,NaN,0,0.017699115,4
8/4/22,58,37,20,CM,CM_20,NaN,110,0.203400609,91.5
8/4/22,61,38,20,CM,CM_20,NaN,0,0.139974455,49
8/4/22,56,39,20,CM,CM_20,NaN,228,0.066736196,10.5
8/4/22,60,40,20,CM,CM_20,NaN,3.5,0.138186136,57
8/4/22,64,41,25,CM,CM_25,NaN,0,0,0
8/4/22,62,42,25,CM,CM_25,NaN,1.5,0,0
8/4/22,52,43,25,CM,CM_25,NaN,0,NaN,0
8/4/22,63,44,25,CM,CM_25,NaN,146.5,0,0
8/4/22,54,45,var,CM,CM_var,NaN,0,0.080234877,25.5
8/4/22,40,46,var,CM,CM_var,NaN,0,0.018907563,10.5
8/4/22,44,47,var,CM,CM_var,NaN,0,0.008009153,3.5
8/4/22,50,48,var,CM,CM_var,NaN,0,0.138521728,53.5
8/4/22,37,49,15,DCM,DCM_15,0.578426025,103.5,NaN,0
8/4/22,46,50,15,DCM,DCM_15,0.309000993,98.5,NaN,0
8/4/22,41,51,15,DCM,DCM_15,0.409160671,73,NaN,0
8/4/22,35,52,15,DCM,DCM_15,0.306141301,73.5,0,0
8/4/22,51,53,20,DCM,DCM_20,0.661041773,77.5,NaN,0
8/4/22,55,54,20,DCM,DCM_20,0.67839591,92,NaN,0
8/4/22,34,55,20,DCM,DCM_20,0.637676284,84.5,NaN,0
8/4/22,49,56,20,DCM,DCM_20,1.255024924,259,NaN,3.5
8/4/22,33,57,25,DCM,DCM_25,1.680027274,214,NaN,0
8/4/22,42,58,25,DCM,DCM_25,0.543560468,211.5,NaN,0
8/4/22,59,59,25,DCM,DCM_25,0.966675642,73.5,0,0
8/4/22,39,60,25,DCM,DCM_25,0.338156907,72,NaN,0
8/4/22,57,61,var,DCM,DCM_var,0.790800582,168.5,NaN,0
8/4/22,53,62,var,DCM,DCM_var,0.3748953,66,0,0
8/4/22,38,63,var,DCM,DCM_var,1.903478058,152,0.289215686,13
8/4/22,45,64,var,DCM,DCM_var,0.803157895,118.5,NaN,0
8/1/22,22,1,15,D,D_15,0,0,NaN,0
8/1/22,5,2,15,D,D_15,0,0,NaN,0
8/1/22,15,3,15,D,D_15,0,0,NaN,0
8/1/22,23,4,15,D,D_15,0,0,NaN,0
8/1/22,7,5,20,D,D_20,0,0,NaN,0
8/1/22,27,6,20,D,D_20,0,0,NaN,0
8/1/22,2,7,20,D,D_20,0,0,NaN,0
8/1/22,1,8,20,D,D_20,0,0,NaN,0
8/1/22,9,9,25,D,D_25,0,0,NaN,0
8/1/22,29,10,25,D,D_25,0,0,NaN,0
8/1/22,8,11,25,D,D_25,0,0,NaN,0
8/1/22,12,12,25,D,D_25,0,0,NaN,0
8/1/22,4,13,var,D,D_var,0,0,NaN,0
8/1/22,19,14,var,D,D_var,0,0,NaN,0
8/1/22,25,15,var,D,D_var,0,0,NaN,0
8/1/22,24,16,var,D,D_var,0,0,NaN,0
8/1/22,32,17,15,DM,DM_15,1.109681,100,NaN,0
8/1/22,6,18,15,DM,DM_15,0.6289533,99.5,NaN,0
8/1/22,3,19,15,DM,DM_15,0.8710923,115,NaN,0
8/1/22,18,20,15,DM,DM_15,0.6547518,187.5,NaN,0
8/1/22,14,21,20,DM,DM_20,0.7977273,111,NaN,0
8/1/22,13,22,20,DM,DM_20,0.7786689,54,NaN,0
8/1/22,26,23,20,DM,DM_20,0.2462442,50,NaN,0
8/1/22,11,24,20,DM,DM_20,0.6138565,53.5,NaN,0
8/1/22,21,25,25,DM,DM_25,0.2712637,63.5,NaN,0
8/1/22,31,26,25,DM,DM_25,NaN,47,NaN,0
8/1/22,30,27,25,DM,DM_25,0.9022549,87,NaN,0
8/1/22,28,28,25,DM,DM_25,2.0132691,455,NaN,0
8/1/22,16,29,var,DM,DM_var,0.6556717,119.5,NaN,0
8/1/22,10,30,var,DM,DM_var,NaN,0,NaN,0
8/1/22,17,31,var,DM,DM_var,0.4994335,82,NaN,0
8/1/22,20,32,var,DM,DM_var,0.3297051,66.5,NaN,0
8/1/22,36,33,15,CM,CM_15,NaN,0,0.034493821,12
8/1/22,47,34,15,CM,CM_15,NaN,0,0,0
8/1/22,48,35,15,CM,CM_15,NaN,0,0.070707071,7
8/1/22,43,36,15,CM,CM_15,NaN,0,0.017699115,4
8/1/22,58,37,20,CM,CM_20,NaN,45.5,0.083526682,36
8/1/22,61,38,20,CM,CM_20,NaN,0,0.048706512,17.5
8/1/22,56,39,20,CM,CM_20,NaN,81,0.042736196,7.5
8/1/22,60,40,20,CM,CM_20,NaN,2,0.082106756,33
8/1/22,64,41,25,CM,CM_25,NaN,0,0,0
8/1/22,62,42,25,CM,CM_25,NaN,0,0,0
8/1/22,52,43,25,CM,CM_25,NaN,0,NaN,0
8/1/22,63,44,25,CM,CM_25,NaN,124,0,0
8/1/22,54,45,var,CM,CM_var,NaN,0,0.051513947,18
8/1/22,40,46,var,CM,CM_var,NaN,0,0.014197987,7.5
8/1/22,44,47,var,CM,CM_var,NaN,0,0.008009153,3.5
8/1/22,50,48,var,CM,CM_var,NaN,0,0.083939394,29.5
8/1/22,37,49,15,DCM,DCM_15,0.5421484,91.5,NaN,0
8/1/22,46,50,15,DCM,DCM_15,0.2848631,88,NaN,0
8/1/22,41,51,15,DCM,DCM_15,0.3752192,65.5,NaN,0
8/1/22,35,52,15,DCM,DCM_15,0.2996478,72,0,0
8/1/22,51,53,20,DCM,DCM_20,0.3860418,61,NaN,0
8/1/22,55,54,20,DCM,DCM_20,0.4882173,60.5,NaN,0
8/1/22,34,55,20,DCM,DCM_20,0.4086553,69.5,NaN,0
8/1/22,49,56,20,DCM,DCM_20,0.4384105,125.5,NaN,3.5
8/1/22,33,57,25,DCM,DCM_25,1.0971489,173.5,NaN,0
8/1/22,42,58,25,DCM,DCM_25,0.4516808,178.5,NaN,0
8/1/22,59,59,25,DCM,DCM_25,0.9161138,69,0,0
8/1/22,39,60,25,DCM,DCM_25,0.2979783,67.5,NaN,0
8/1/22,57,61,var,DCM,DCM_var,0.396753,135.5,NaN,0
8/1/22,53,62,var,DCM,DCM_var,0.2268814,46.5,0,0
8/1/22,38,63,var,DCM,DCM_var,0.5880019,98,0.117647059,4
8/1/22,45,64,var,DCM,DCM_var,0.2631579,105,NaN,0
7/28/22,22,1,15,D,D_15,0,0,NaN,0
7/28/22,5,2,15,D,D_15,0,0,NaN,0
7/28/22,15,3,15,D,D_15,0,0,NaN,0
7/28/22,23,4,15,D,D_15,0,0,NaN,0
7/28/22,7,5,20,D,D_20,0,0,NaN,0
7/28/22,27,6,20,D,D_20,0,0,NaN,0
7/28/22,2,7,20,D,D_20,0,0,NaN,0
7/28/22,1,8,20,D,D_20,0,0,NaN,0
7/28/22,9,9,25,D,D_25,0,0,NaN,0
7/28/22,29,10,25,D,D_25,0,0,NaN,0
7/28/22,8,11,25,D,D_25,0,0,NaN,0
7/28/22,12,12,25,D,D_25,0,0,NaN,0
7/28/22,4,13,var,D,D_var,0,0,NaN,0
7/28/22,19,14,var,D,D_var,0,0,NaN,0
7/28/22,25,15,var,D,D_var,0,0,NaN,0
7/28/22,24,16,var,D,D_var,0,0,NaN,0
7/28/22,32,17,15,DM,DM_15,1.0227399,84,NaN,0
7/28/22,6,18,15,DM,DM_15,0.4821099,63.5,NaN,0
7/28/22,3,19,15,DM,DM_15,0.6855446,83,NaN,0
7/28/22,18,20,15,DM,DM_15,0.5683976,153.5,NaN,0
7/28/22,14,21,20,DM,DM_20,0.7977273,111,NaN,0
7/28/22,13,22,20,DM,DM_20,0.7218564,48,NaN,0
7/28/22,26,23,20,DM,DM_20,0.2249676,48,NaN,0
7/28/22,11,24,20,DM,DM_20,0.5676523,47.5,NaN,0
7/28/22,21,25,25,DM,DM_25,0.1629972,41.5,NaN,0
7/28/22,31,26,25,DM,DM_25,0.337211,47,NaN,0
7/28/22,30,27,25,DM,DM_25,0.522278,51,NaN,0
7/28/22,28,28,25,DM,DM_25,1.1069488,237,NaN,0
7/28/22,16,29,var,DM,DM_var,0.6320031,115.5,NaN,0
7/28/22,10,30,var,DM,DM_var,0,0,NaN,0
7/28/22,17,31,var,DM,DM_var,0.4577668,80,NaN,0
7/28/22,20,32,var,DM,DM_var,0.3140188,62.5,NaN,0
7/28/22,36,33,15,CM,CM_15,NaN,0,0.026845638,8
7/28/22,47,34,15,CM,CM_15,NaN,0,0,0
7/28/22,48,35,15,CM,CM_15,NaN,0,0.03030303,3
7/28/22,43,36,15,CM,CM_15,NaN,0,0.017699115,4
7/28/22,58,37,20,CM,CM_20,NaN,3.5,0,0
7/28/22,61,38,20,CM,CM_20,NaN,0,0.011864407,3.5
7/28/22,56,39,20,CM,CM_20,NaN,25,0.010736196,3.5
7/28/22,60,40,20,CM,CM_20,NaN,0,0.035703044,13
7/28/22,64,41,25,CM,CM_25,NaN,0,0,0
7/28/22,62,42,25,CM,CM_25,NaN,0,0,0
7/28/22,52,43,25,CM,CM_25,NaN,0,NaN,0
7/28/22,63,44,25,CM,CM_25,NaN,48,0,0
7/28/22,54,45,var,CM,CM_var,NaN,0,0.03988604,14
7/28/22,40,46,var,CM,CM_var,NaN,0,0.007918552,3.5
7/28/22,44,47,var,CM,CM_var,NaN,0,0.008009153,3.5
7/28/22,50,48,var,CM,CM_var,NaN,0,0.023333333,3.5
7/28/22,37,49,15,DCM,DCM_15,0.3981065,61.5,NaN,0
7/28/22,46,50,15,DCM,DCM_15,0.1704874,50,0,0
7/28/22,41,51,15,DCM,DCM_15,0.2763256,41.5,NaN,0
7/28/22,35,52,15,DCM,DCM_15,0.2586011,62,0,0
7/28/22,51,53,20,DCM,DCM_20,0.3860418,61,NaN,0
7/28/22,55,54,20,DCM,DCM_20,0.2937729,28.5,NaN,0
7/28/22,34,55,20,DCM,DCM_20,0.2548092,59.5,NaN,0
7/28/22,49,56,20,DCM,DCM_20,0.3556519,113.5,NaN,1.5
7/28/22,33,57,25,DCM,DCM_25,0.3244993,121.5,NaN,0
7/28/22,42,58,25,DCM,DCM_25,0.2760669,96.5,NaN,0
7/28/22,59,59,25,DCM,DCM_25,0.4139155,43,0,0
7/28/22,39,60,25,DCM,DCM_25,0.1944069,57.5,NaN,0
7/28/22,57,61,var,DCM,DCM_var,0.1824672,105.5,0,0
7/28/22,53,62,var,DCM,DCM_var,0.1449142,26.5,0,0
7/28/22,38,63,var,DCM,DCM_var,0.3102241,88,0,0
7/28/22,45,64,var,DCM,DCM_var,0.2631579,105,NaN,0
7/25/22,22,1,15,D,D_15,0,0,NaN,0
7/25/22,5,2,15,D,D_15,0,0,NaN,0
7/25/22,15,3,15,D,D_15,0,0,NaN,0
7/25/22,23,4,15,D,D_15,0,0,NaN,0
7/25/22,7,5,20,D,D_20,0,0,NaN,0
7/25/22,27,6,20,D,D_20,0,0,NaN,0
7/25/22,2,7,20,D,D_20,0,0,NaN,0
7/25/22,1,8,20,D,D_20,0,0,NaN,0
7/25/22,9,9,25,D,D_25,0,0,NaN,0
7/25/22,29,10,25,D,D_25,0,0,NaN,0
7/25/22,8,11,25,D,D_25,0,0,NaN,0
7/25/22,12,12,25,D,D_25,0,0,NaN,0
7/25/22,4,13,var,D,D_var,0,0,NaN,0
7/25/22,19,14,var,D,D_var,0,0,NaN,0
7/25/22,25,15,var,D,D_var,0,0,NaN,0
7/25/22,24,16,var,D,D_var,0,0,NaN,0
7/25/22,32,17,15,DM,DM_15,0.70066586,52.5,NaN,0
7/25/22,6,18,15,DM,DM_15,0.36275178,32,NaN,0
7/25/22,3,19,15,DM,DM_15,0.36637931,42.5,NaN,0
7/25/22,18,20,15,DM,DM_15,0.34869529,90.5,NaN,0
7/25/22,14,21,20,DM,DM_20,0.69545455,93,NaN,0
7/25/22,13,22,20,DM,DM_20,0.59711075,36,NaN,0
7/25/22,26,23,20,DM,DM_20,0.20830095,45,NaN,0
7/25/22,11,24,20,DM,DM_20,0.47222222,34,NaN,0
7/25/22,21,25,25,DM,DM_25,0.11847541,29.5,NaN,0
7/25/22,31,26,25,DM,DM_25,0.3227182,44,NaN,0
7/25/22,30,27,25,DM,DM_25,0.34003497,31.5,NaN,0
7/25/22,28,28,25,DM,DM_25,0.47303199,93,NaN,0
7/25/22,16,29,var,DM,DM_var,0.50382214,94.5,NaN,0
7/25/22,10,30,var,DM,DM_var,0,0,NaN,0
7/25/22,17,31,var,DM,DM_var,0.43749658,75.5,NaN,0
7/25/22,20,32,var,DM,DM_var,0.25922131,49,NaN,0
7/25/22,36,33,15,CM,CM_15,NaN,0,0.016778523,5
7/25/22,47,34,15,CM,CM_15,NaN,0,0,0
7/25/22,48,35,15,CM,CM_15,NaN,0,0,0
7/25/22,43,36,15,CM,CM_15,NaN,0,0.011061947,2.5
7/25/22,58,37,20,CM,CM_20,NaN,3.5,0,0
7/25/22,61,38,20,CM,CM_20,NaN,0,0.011864407,3.5
7/25/22,56,39,20,CM,CM_20,NaN,25,0.010736196,3.5
7/25/22,60,40,20,CM,CM_20,NaN,0,0.035703044,13
7/25/22,64,41,25,CM,CM_25,NaN,0,0,0
7/25/22,62,42,25,CM,CM_25,NaN,0,0,0
7/25/22,52,43,25,CM,CM_25,NaN,0,NaN,0
7/25/22,63,44,25,CM,CM_25,NaN,0,0,0
7/25/22,54,45,var,CM,CM_var,NaN,0,0.03988604,14
7/25/22,40,46,var,CM,CM_var,NaN,0,0.007918552,3.5
7/25/22,44,47,var,CM,CM_var,NaN,0,0.008009153,3.5
7/25/22,50,48,var,CM,CM_var,NaN,0,0.023333333,3.5
7/25/22,37,49,15,DCM,DCM_15,0.19736842,30,NaN,0
7/25/22,46,50,15,DCM,DCM_15,0.06802721,20,0,0
7/25/22,41,51,15,DCM,DCM_15,0.14,17.5,NaN,0
7/25/22,35,52,15,DCM,DCM_15,0.14644351,35,0,0
7/25/22,51,53,20,DCM,DCM_20,0.36296485,56.5,NaN,0
7/25/22,55,54,20,DCM,DCM_20,0.25843063,24,NaN,0
7/25/22,34,55,20,DCM,DCM_20,0.23980915,58,NaN,0
7/25/22,49,56,20,DCM,DCM_20,0.34551675,110.5,NaN,0
7/25/22,33,57,25,DCM,DCM_25,0.29885826,118.5,NaN,0
7/25/22,42,58,25,DCM,DCM_25,0.20449018,62,NaN,0
7/25/22,59,59,25,DCM,DCM_25,0.08782855,28,0,0
7/25/22,39,60,25,DCM,DCM_25,0.15690691,54.5,NaN,0
7/25/22,57,61,var,DCM,DCM_var,0.17591703,102.5,0,0
7/25/22,53,62,var,DCM,DCM_var,0.13939951,25,0,0
7/25/22,38,63,var,DCM,DCM_var,0.29683123,86.5,0,0
7/25/22,45,64,var,DCM,DCM_var,0.26315789,105,NaN,0
7/20/22,22,1,15,D,D_15,0,0,NaN,0
7/20/22,5,2,15,D,D_15,0,0,NaN,0
7/20/22,15,3,15,D,D_15,0,0,NaN,0
7/20/22,23,4,15,D,D_15,0,0,NaN,0
7/20/22,7,5,20,D,D_20,0,0,NaN,0
7/20/22,27,6,20,D,D_20,0,0,NaN,0
7/20/22,2,7,20,D,D_20,0,0,NaN,0
7/20/22,1,8,20,D,D_20,0,0,NaN,0
7/20/22,9,9,25,D,D_25,0,0,NaN,0
7/20/22,29,10,25,D,D_25,0,0,NaN,0
7/20/22,8,11,25,D,D_25,0,0,NaN,0
7/20/22,12,12,25,D,D_25,0,0,NaN,0
7/20/22,4,13,var,D,D_var,0,0,NaN,0
7/20/22,19,14,var,D,D_var,0,0,NaN,0
7/20/22,25,15,var,D,D_var,0,0,NaN,0
7/20/22,24,16,var,D,D_var,0,0,NaN,0
7/20/22,32,17,15,DM,DM_15,0.25423729,15,NaN,0
7/20/22,6,18,15,DM,DM_15,0.27906977,12,NaN,0
7/20/22,3,19,15,DM,DM_15,0,0,NaN,0
7/20/22,18,20,15,DM,DM_15,0.07407407,18,NaN,0
7/20/22,14,21,20,DM,DM_20,0.15,18,NaN,0
7/20/22,13,22,20,DM,DM_20,0.12244898,6,NaN,0
7/20/22,26,23,20,DM,DM_20,0.09318693,20,NaN,0
7/20/22,11,24,20,DM,DM_20,0.0952381,4,NaN,0
7/20/22,21,25,25,DM,DM_25,0.07277407,12,NaN,0
7/20/22,31,26,25,DM,DM_25,0.21135431,24,NaN,0
7/20/22,30,27,25,DM,DM_25,0.29195804,24,NaN,0
7/20/22,28,28,25,DM,DM_25,0.19345263,38,NaN,0
7/20/22,16,29,var,DM,DM_var,0.14775471,27,NaN,0
7/20/22,10,30,var,DM,DM_var,0,0,NaN,0
7/20/22,17,31,var,DM,DM_var,0.20953803,28,NaN,0
7/20/22,20,32,var,DM,DM_var,0.05357143,9,NaN,0
7/20/22,36,33,15,CM,CM_15,NaN,0,0,0
7/20/22,47,34,15,CM,CM_15,NaN,0,0,0
7/20/22,48,35,15,CM,CM_15,NaN,0,0,0
7/20/22,43,36,15,CM,CM_15,NaN,0,0,0
7/20/22,58,37,20,CM,CM_20,NaN,1,0,0
7/20/22,61,38,20,CM,CM_20,NaN,0,0.003389831,1
7/20/22,56,39,20,CM,CM_20,NaN,20,0.003067485,1
7/20/22,60,40,20,CM,CM_20,NaN,0,0.021538738,8
7/20/22,64,41,25,CM,CM_25,NaN,0,0,0
7/20/22,62,42,25,CM,CM_25,NaN,0,0,0
7/20/22,52,43,25,CM,CM_25,NaN,0,0,0
7/20/22,63,44,25,CM,CM_25,NaN,0,0,0
7/20/22,54,45,var,CM,CM_var,NaN,0,0.011396011,4
7/20/22,40,46,var,CM,CM_var,NaN,0,0.002262443,1
7/20/22,44,47,var,CM,CM_var,NaN,0,0.00228833,1
7/20/22,50,48,var,CM,CM_var,NaN,0,0.006666667,1
7/20/22,37,49,15,DCM,DCM_15,0,0,NaN,0
7/20/22,46,50,15,DCM,DCM_15,0,0,0,0
7/20/22,41,51,15,DCM,DCM_15,0,0,NaN,0
7/20/22,35,52,15,DCM,DCM_15,0,0,0,0
7/20/22,51,53,20,DCM,DCM_20,0.09271523,14,NaN,0
7/20/22,55,54,20,DCM,DCM_20,0.15686813,14,NaN,0
7/20/22,34,55,20,DCM,DCM_20,0.06658781,18,NaN,0
7/20/22,49,56,20,DCM,DCM_20,0.1783084,58,NaN,0
7/20/22,33,57,25,DCM,DCM_25,0.27633574,111,NaN,0
7/20/22,42,58,25,DCM,DCM_25,0.13346746,37,NaN,0
7/20/22,59,59,25,DCM,DCM_25,0.07110614,23,0,0
7/20/22,39,60,25,DCM,DCM_25,0.11722437,37,NaN,0
7/20/22,57,61,var,DCM,DCM_var,0.05785714,30,0,0
7/20/22,53,62,var,DCM,DCM_var,0.09672619,15,0,0
7/20/22,38,63,var,DCM,DCM_var,0.07843137,24,0,0
7/20/22,45,64,var,DCM,DCM_var,0.07518797,30,0,0
7/18/22,22,1,15,D,D_15,0,0,NaN,0
7/18/22,5,2,15,D,D_15,0,0,NaN,0
7/18/22,15,3,15,D,D_15,0,0,NaN,0
7/18/22,23,4,15,D,D_15,0,0,NaN,0
7/18/22,7,5,20,D,D_20,0,0,NaN,0
7/18/22,27,6,20,D,D_20,0,0,NaN,0
7/18/22,2,7,20,D,D_20,0,0,NaN,0
7/18/22,1,8,20,D,D_20,0,0,NaN,0
7/18/22,9,9,25,D,D_25,0,0,NaN,0
7/18/22,29,10,25,D,D_25,0,0,NaN,0
7/18/22,8,11,25,D,D_25,0,0,NaN,0
7/18/22,12,12,25,D,D_25,0,0,NaN,0
7/18/22,4,13,var,D,D_var,0,0,NaN,0
7/18/22,19,14,var,D,D_var,0,0,NaN,0
7/18/22,25,15,var,D,D_var,0,0,NaN,0
7/18/22,24,16,var,D,D_var,0,0,NaN,0
7/18/22,32,17,15,DM,DM_15,0.16949153,10,NaN,0
7/18/22,6,18,15,DM,DM_15,0.18604651,8,NaN,0
7/18/22,3,19,15,DM,DM_15,0,0,NaN,0
7/18/22,18,20,15,DM,DM_15,0.04938272,12,NaN,0
7/18/22,14,21,20,DM,DM_20,0,0,NaN,0
7/18/22,13,22,20,DM,DM_20,0,0,NaN,0
7/18/22,26,23,20,DM,DM_20,0.03883495,8,NaN,0
7/18/22,11,24,20,DM,DM_20,0,0,NaN,0
7/18/22,21,25,25,DM,DM_25,0.04347826,6,NaN,0
7/18/22,31,26,25,DM,DM_25,0.11764706,12,NaN,0
7/18/22,30,27,25,DM,DM_25,0.18181818,14,NaN,0
7/18/22,28,28,25,DM,DM_25,0.09950249,20,NaN,0
7/18/22,16,29,var,DM,DM_var,0.05263158,8,NaN,0
7/18/22,10,30,var,DM,DM_var,0,0,NaN,0
7/18/22,17,31,var,DM,DM_var,0.08791209,8,NaN,0
7/18/22,20,32,var,DM,DM_var,0,0,NaN,0
7/18/22,36,33,15,CM,CM_15,NaN,0,0,0
7/18/22,47,34,15,CM,CM_15,NaN,0,0,0
7/18/22,48,35,15,CM,CM_15,NaN,0,0,0
7/18/22,43,36,15,CM,CM_15,NaN,0,0,0
7/18/22,58,37,20,CM,CM_20,NaN,0,0,0
7/18/22,61,38,20,CM,CM_20,NaN,0,0,0
7/18/22,56,39,20,CM,CM_20,NaN,12,0,0
7/18/22,60,40,20,CM,CM_20,NaN,0,0.01058201,4
7/18/22,64,41,25,CM,CM_25,NaN,0,0,0
7/18/22,62,42,25,CM,CM_25,NaN,0,0,0
7/18/22,52,43,25,CM,CM_25,NaN,0,0,0
7/18/22,63,44,25,CM,CM_25,NaN,0,0,0
7/18/22,54,45,var,CM,CM_var,NaN,0,0,0
7/18/22,40,46,var,CM,CM_var,NaN,0,0,0
7/18/22,44,47,var,CM,CM_var,NaN,0,0,0
7/18/22,50,48,var,CM,CM_var,NaN,0,0,0
7/18/22,37,49,15,DCM,DCM_15,0,0,0,0
7/18/22,46,50,15,DCM,DCM_15,0,0,0,0
7/18/22,41,51,15,DCM,DCM_15,0,0,NaN,0
7/18/22,35,52,15,DCM,DCM_15,0,0,0,0
7/18/22,51,53,20,DCM,DCM_20,0,0,NaN,0
7/18/22,55,54,20,DCM,DCM_20,0.08791209,8,NaN,0
7/18/22,34,55,20,DCM,DCM_20,0.00486618,2,NaN,0
7/18/22,49,56,20,DCM,DCM_20,0.07878788,26,NaN,0
7/18/22,33,57,25,DCM,DCM_25,0.17821782,72,NaN,0
7/18/22,42,58,25,DCM,DCM_25,0.07003891,18,NaN,0
7/18/22,59,59,25,DCM,DCM_25,0.04294479,14,0,0
7/18/22,39,60,25,DCM,DCM_25,0.06756757,20,NaN,0
7/18/22,57,61,var,DCM,DCM_var,0.01,2,0,0
7/18/22,53,62,var,DCM,DCM_var,0.05555556,8,0,0
7/18/22,38,63,var,DCM,DCM_var,0,0,0,0
7/18/22,45,64,var,DCM,DCM_var,0,0,0,0
7/14/22,22,1,15,D,D_15,0,0,NaN,0
7/14/22,5,2,15,D,D_15,0,0,NaN,0
7/14/22,15,3,15,D,D_15,0,0,NaN,0
7/14/22,23,4,15,D,D_15,0,0,NaN,0
7/14/22,7,5,20,D,D_20,0,0,NaN,0
7/14/22,27,6,20,D,D_20,0,0,NaN,0
7/14/22,2,7,20,D,D_20,0,0,NaN,0
7/14/22,1,8,20,D,D_20,0,0,NaN,0
7/14/22,9,9,25,D,D_25,0,0,NaN,0
7/14/22,29,10,25,D,D_25,0,0,NaN,0
7/14/22,8,11,25,D,D_25,0,0,NaN,0
7/14/22,12,12,25,D,D_25,0,0,NaN,0
7/14/22,4,13,var,D,D_var,0,0,NaN,0
7/14/22,19,14,var,D,D_var,0,0,NaN,0
7/14/22,25,15,var,D,D_var,0,0,NaN,0
7/14/22,24,16,var,D,D_var,0,0,NaN,0
7/14/22,32,17,15,DM,DM_15,0,0,NaN,0
7/14/22,6,18,15,DM,DM_15,0,0,NaN,0
7/14/22,3,19,15,DM,DM_15,0,0,NaN,0
7/14/22,18,20,15,DM,DM_15,0,0,NaN,0
7/14/22,14,21,20,DM,DM_20,0,0,NaN,0
7/14/22,13,22,20,DM,DM_20,0,0,NaN,0
7/14/22,26,23,20,DM,DM_20,0,0,NaN,0
7/14/22,11,24,20,DM,DM_20,0,0,NaN,0
7/14/22,21,25,25,DM,DM_25,0,0,NaN,0
7/14/22,31,26,25,DM,DM_25,0,0,NaN,0
7/14/22,30,27,25,DM,DM_25,0,0,NaN,0
7/14/22,28,28,25,DM,DM_25,0,0,NaN,0
7/14/22,16,29,var,DM,DM_var,0,0,NaN,0
7/14/22,10,30,var,DM,DM_var,0,0,NaN,0
7/14/22,17,31,var,DM,DM_var,0,0,NaN,0
7/14/22,20,32,var,DM,DM_var,0,0,NaN,0
7/14/22,36,33,15,CM,CM_15,NaN,0,0,0
7/14/22,47,34,15,CM,CM_15,NaN,0,0,0
7/14/22,48,35,15,CM,CM_15,NaN,0,0,0
7/14/22,43,36,15,CM,CM_15,NaN,0,0,0
7/14/22,58,37,20,CM,CM_20,NaN,0,0,0
7/14/22,61,38,20,CM,CM_20,NaN,0,0,0
7/14/22,56,39,20,CM,CM_20,NaN,0,0,0
7/14/22,60,40,20,CM,CM_20,NaN,0,0,0
7/14/22,64,41,25,CM,CM_25,NaN,0,0,0
7/14/22,62,42,25,CM,CM_25,NaN,0,0,0
7/14/22,52,43,25,CM,CM_25,NaN,0,0,0
7/14/22,63,44,25,CM,CM_25,NaN,0,0,0
7/14/22,54,45,var,CM,CM_var,NaN,0,0,0
7/14/22,40,46,var,CM,CM_var,NaN,0,0,0
7/14/22,44,47,var,CM,CM_var,NaN,0,0,0
7/14/22,50,48,var,CM,CM_var,NaN,0,0,0
7/14/22,37,49,15,DCM,DCM_15,0,0,0,0
7/14/22,46,50,15,DCM,DCM_15,0,0,0,0
7/14/22,41,51,15,DCM,DCM_15,0,0,NaN,0
7/14/22,35,52,15,DCM,DCM_15,0,0,0,0
7/14/22,51,53,20,DCM,DCM_20,0,0,NaN,0
7/14/22,55,54,20,DCM,DCM_20,0,0,NaN,0
7/14/22,34,55,20,DCM,DCM_20,0,0,NaN,0
7/14/22,49,56,20,DCM,DCM_20,0,0,NaN,0
7/14/22,33,57,25,DCM,DCM_25,0,0,NaN,0
7/14/22,42,58,25,DCM,DCM_25,0,0,NaN,0
7/14/22,59,59,25,DCM,DCM_25,0,0,0,0
7/14/22,39,60,25,DCM,DCM_25,0,0,NaN,0
7/14/22,57,61,var,DCM,DCM_var,0,0,0,0
7/14/22,53,62,var,DCM,DCM_var,0,0,0,0
7/14/22,38,63,var,DCM,DCM_var,0,0,0,0
7/14/22,45,64,var,DCM,DCM_var,0,0,0,0